date,time,location,growth
2020-01-24,2,Mid West,0
2020-01-24,2,Mountain West,0
2020-01-24,2,North East,0
2020-01-24,2,Other,0
2020-01-24,2,Pacific West,0
2020-01-24,2,South,0
2020-01-24,2,South West,0
2020-01-25,3,Mid West,1
2020-01-25,3,Mountain West,0
2020-01-25,3,North East,0
2020-01-25,3,Other,0
2020-01-25,3,Pacific West,0
2020-01-25,3,South,0
2020-01-25,3,South West,0
2020-01-26,4,Mid West,0
2020-01-26,4,Mountain West,0
2020-01-26,4,North East,0
2020-01-26,4,Other,0
2020-01-26,4,Pacific West,0
2020-01-26,4,South,0
2020-01-26,4,South West,0
2020-01-27,5,Mid West,0
2020-01-27,5,Mountain West,0
2020-01-27,5,North East,0
2020-01-27,5,Other,0
2020-01-27,5,Pacific West,2
2020-01-27,5,South,0
2020-01-27,5,South West,1
2020-01-28,6,Mid West,0
2020-01-28,6,Mountain West,0
2020-01-28,6,North East,0
2020-01-28,6,Other,0
2020-01-28,6,Pacific West,0
2020-01-28,6,South,0
2020-01-28,6,South West,0
2020-01-29,7,Mid West,0
2020-01-29,7,Mountain West,0
2020-01-29,7,North East,0
2020-01-29,7,Other,0
2020-01-29,7,Pacific West,0
2020-01-29,7,South,0
2020-01-29,7,South West,0
2020-01-30,8,Mid West,0
2020-01-30,8,Mountain West,0
2020-01-30,8,North East,1
2020-01-30,8,Other,0
2020-01-30,8,Pacific West,0
2020-01-30,8,South,0
2020-01-30,8,South West,0
2020-01-31,9,Mid West,0
2020-01-31,9,Mountain West,0
2020-01-31,9,North East,0
2020-01-31,9,Other,0
2020-01-31,9,Pacific West,0
2020-01-31,9,South,0
2020-01-31,9,South West,0
2020-02-01,10,Mid West,1
2020-02-01,10,Mountain West,0
2020-02-01,10,North East,0
2020-02-01,10,Other,0
2020-02-01,10,Pacific West,1
2020-02-01,10,South,0
2020-02-01,10,South West,0
2020-02-02,11,Mid West,0
2020-02-02,11,Mountain West,0
2020-02-02,11,North East,0
2020-02-02,11,Other,0
2020-02-02,11,Pacific West,0
2020-02-02,11,South,0
2020-02-02,11,South West,0
2020-02-03,12,Mid West,0
2020-02-03,12,Mountain West,0
2020-02-03,12,North East,0
2020-02-03,12,Other,0
2020-02-03,12,Pacific West,0
2020-02-03,12,South,0
2020-02-03,12,South West,0
2020-02-04,13,Mid West,0
2020-02-04,13,Mountain West,0
2020-02-04,13,North East,0
2020-02-04,13,Other,0
2020-02-04,13,Pacific West,3
2020-02-04,13,South,0
2020-02-04,13,South West,0
2020-02-05,14,Mid West,0
2020-02-05,14,Mountain West,0
2020-02-05,14,North East,0
2020-02-05,14,Other,0
2020-02-05,14,Pacific West,0
2020-02-05,14,South,0
2020-02-05,14,South West,0
2020-02-06,15,Mid West,0
2020-02-06,15,Mountain West,0
2020-02-06,15,North East,0
2020-02-06,15,Other,0
2020-02-06,15,Pacific West,0
2020-02-06,15,South,0
2020-02-06,15,South West,0
2020-02-07,16,Mid West,0
2020-02-07,16,Mountain West,0
2020-02-07,16,North East,1
2020-02-07,16,Other,0
2020-02-07,16,Pacific West,0
2020-02-07,16,South,0
2020-02-07,16,South West,0
2020-02-08,17,Mid West,0
2020-02-08,17,Mountain West,0
2020-02-08,17,North East,0
2020-02-08,17,Other,0
2020-02-08,17,Pacific West,0
2020-02-08,17,South,0
2020-02-08,17,South West,0
2020-02-09,18,Mid West,0
2020-02-09,18,Mountain West,0
2020-02-09,18,North East,0
2020-02-09,18,Other,0
2020-02-09,18,Pacific West,0
2020-02-09,18,South,0
2020-02-09,18,South West,0
2020-02-10,19,Mid West,0
2020-02-10,19,Mountain West,0
2020-02-10,19,North East,0
2020-02-10,19,Other,0
2020-02-10,19,Pacific West,0
2020-02-10,19,South,0
2020-02-10,19,South West,0
2020-02-11,20,Mid West,0
2020-02-11,20,Mountain West,0
2020-02-11,20,North East,0
2020-02-11,20,Other,0
2020-02-11,20,Pacific West,0
2020-02-11,20,South,0
2020-02-11,20,South West,0
2020-02-12,21,Mid West,0
2020-02-12,21,Mountain West,0
2020-02-12,21,North East,0
2020-02-12,21,Other,0
2020-02-12,21,Pacific West,1
2020-02-12,21,South,0
2020-02-12,21,South West,0
2020-02-13,22,Mid West,0
2020-02-13,22,Mountain West,0
2020-02-13,22,North East,0
2020-02-13,22,Other,0
2020-02-13,22,Pacific West,0
2020-02-13,22,South,0
2020-02-13,22,South West,0
2020-02-14,23,Mid West,0
2020-02-14,23,Mountain West,0
2020-02-14,23,North East,0
2020-02-14,23,Other,0
2020-02-14,23,Pacific West,1
2020-02-14,23,South,0
2020-02-14,23,South West,0
2020-02-15,24,Mid West,0
2020-02-15,24,Mountain West,0
2020-02-15,24,North East,0
2020-02-15,24,Other,0
2020-02-15,24,Pacific West,0
2020-02-15,24,South,0
2020-02-15,24,South West,0
2020-02-16,25,Mid West,0
2020-02-16,25,Mountain West,0
2020-02-16,25,North East,0
2020-02-16,25,Other,0
2020-02-16,25,Pacific West,0
2020-02-16,25,South,0
2020-02-16,25,South West,0
2020-02-17,26,Mid West,0
2020-02-17,26,Mountain West,0
2020-02-17,26,North East,0
2020-02-17,26,Other,0
2020-02-17,26,Pacific West,0
2020-02-17,26,South,0
2020-02-17,26,South West,0
2020-02-18,27,Mid West,0
2020-02-18,27,Mountain West,0
2020-02-18,27,North East,0
2020-02-18,27,Other,0
2020-02-18,27,Pacific West,0
2020-02-18,27,South,0
2020-02-18,27,South West,0
2020-02-19,28,Mid West,0
2020-02-19,28,Mountain West,0
2020-02-19,28,North East,0
2020-02-19,28,Other,0
2020-02-19,28,Pacific West,0
2020-02-19,28,South,0
2020-02-19,28,South West,0
2020-02-20,29,Mid West,0
2020-02-20,29,Mountain West,0
2020-02-20,29,North East,0
2020-02-20,29,Other,0
2020-02-20,29,Pacific West,0
2020-02-20,29,South,0
2020-02-20,29,South West,0
2020-02-21,30,Mid West,0
2020-02-21,30,Mountain West,0
2020-02-21,30,North East,0
2020-02-21,30,Other,0
2020-02-21,30,Pacific West,0
2020-02-21,30,South,0
2020-02-21,30,South West,0
2020-02-22,31,Mid West,0
2020-02-22,31,Mountain West,0
2020-02-22,31,North East,0
2020-02-22,31,Other,0
2020-02-22,31,Pacific West,2
2020-02-22,31,South,0
2020-02-22,31,South West,0
2020-02-23,32,Mid West,0
2020-02-23,32,Mountain West,0
2020-02-23,32,North East,0
2020-02-23,32,Other,0
2020-02-23,32,Pacific West,0
2020-02-23,32,South,0
2020-02-23,32,South West,0
2020-02-24,33,Mid West,0
2020-02-24,33,Mountain West,0
2020-02-24,33,North East,0
2020-02-24,33,Other,0
2020-02-24,33,Pacific West,0
2020-02-24,33,South,0
2020-02-24,33,South West,0
2020-02-25,34,Mid West,0
2020-02-25,34,Mountain West,0
2020-02-25,34,North East,0
2020-02-25,34,Other,0
2020-02-25,34,Pacific West,0
2020-02-25,34,South,0
2020-02-25,34,South West,0
2020-02-26,35,Mid West,0
2020-02-26,35,Mountain West,0
2020-02-26,35,North East,0
2020-02-26,35,Other,0
2020-02-26,35,Pacific West,0
2020-02-26,35,South,0
2020-02-26,35,South West,0
2020-02-27,36,Mid West,0
2020-02-27,36,Mountain West,0
2020-02-27,36,North East,0
2020-02-27,36,Other,0
2020-02-27,36,Pacific West,0
2020-02-27,36,South,0
2020-02-27,36,South West,0
2020-02-28,37,Mid West,0
2020-02-28,37,Mountain West,0
2020-02-28,37,North East,0
2020-02-28,37,Other,0
2020-02-28,37,Pacific West,1
2020-02-28,37,South,0
2020-02-28,37,South West,0
2020-02-29,38,Mid West,0
2020-02-29,38,Mountain West,0
2020-02-29,38,North East,0
2020-02-29,38,Other,0
2020-02-29,38,Pacific West,0
2020-02-29,38,South,0
2020-02-29,38,South West,0
2020-03-01,39,Mid West,0
2020-03-01,39,Mountain West,0
2020-03-01,39,North East,0
2020-03-01,39,Other,0
2020-03-01,39,Pacific West,8
2020-03-01,39,South,0
2020-03-01,39,South West,0
2020-03-02,40,Mid West,1
2020-03-02,40,Mountain West,0
2020-03-02,40,North East,2
2020-03-02,40,Other,0
2020-03-02,40,Pacific West,4
2020-03-02,40,South,0
2020-03-02,40,South West,0
2020-03-03,41,Mid West,1
2020-03-03,41,Mountain West,0
2020-03-03,41,North East,2
2020-03-03,41,Other,0
2020-03-03,41,Pacific West,18
2020-03-03,41,South,2
2020-03-03,41,South West,0
2020-03-04,42,Mid West,0
2020-03-04,42,Mountain West,0
2020-03-04,42,North East,3
2020-03-04,42,Other,0
2020-03-04,42,Pacific West,13
2020-03-04,42,South,3
2020-03-04,42,South West,0
2020-03-05,43,Mid West,0
2020-03-05,43,Mountain West,0
2020-03-05,43,North East,11
2020-03-05,43,Other,0
2020-03-05,43,Pacific West,22
2020-03-05,43,South,0
2020-03-05,43,South West,0
2020-03-06,44,Mid West,1
2020-03-06,44,Mountain West,3
2020-03-06,44,North East,21
2020-03-06,44,Other,0
2020-03-06,44,Pacific West,47
2020-03-06,44,South,2
2020-03-06,44,South West,3
2020-03-07,45,Mid West,3
2020-03-07,45,Mountain West,7
2020-03-07,45,North East,22
2020-03-07,45,Other,0
2020-03-07,45,Pacific West,16
2020-03-07,45,South,3
2020-03-07,45,South West,2
2020-03-08,46,Mid West,2
2020-03-08,46,Mountain West,1
2020-03-08,46,North East,99
2020-03-08,46,Other,0
2020-03-08,46,Pacific West,50
2020-03-08,46,South,8
2020-03-08,46,South West,6
2020-03-09,47,Mid West,4
2020-03-09,47,Mountain West,2
2020-03-09,47,North East,58
2020-03-09,47,Other,0
2020-03-09,47,Pacific West,42
2020-03-09,47,South,7
2020-03-09,47,South West,3
2020-03-10,48,Mid West,7
2020-03-10,48,Mountain West,4
2020-03-10,48,North East,39
2020-03-10,48,Other,0
2020-03-10,48,Pacific West,6
2020-03-10,48,South,17
2020-03-10,48,South West,2
2020-03-11,49,Mid West,20
2020-03-11,49,Mountain West,6
2020-03-11,49,North East,47
2020-03-11,49,Other,0
2020-03-11,49,Pacific West,90
2020-03-11,49,South,20
2020-03-11,49,South West,5
2020-03-12,50,Mid West,40
2020-03-12,50,Mountain West,21
2020-03-12,50,North East,105
2020-03-12,50,Other,0
2020-03-12,50,Pacific West,153
2020-03-12,50,South,35
2020-03-12,50,South West,11
2020-03-13,51,Mid West,29
2020-03-13,51,Mountain West,19
2020-03-13,51,North East,127
2020-03-13,51,Other,0
2020-03-13,51,Pacific West,208
2020-03-13,51,South,48
2020-03-13,51,South West,8
2020-03-14,52,Mid West,71
2020-03-14,52,Mountain West,45
2020-03-14,52,North East,209
2020-03-14,52,Other,0
2020-03-14,52,Pacific West,193
2020-03-14,52,South,93
2020-03-14,52,South West,22
2020-03-15,53,Mid West,69
2020-03-15,53,Mountain West,34
2020-03-15,53,North East,312
2020-03-15,53,Other,0
2020-03-15,53,Pacific West,173
2020-03-15,53,South,149
2020-03-15,53,South West,22
2020-03-16,54,Mid West,21
2020-03-16,54,Mountain West,44
2020-03-16,54,North East,144
2020-03-16,54,Other,0
2020-03-16,54,Pacific West,-36
2020-03-16,54,South,58
2020-03-16,54,South West,3
2020-03-17,55,Mid West,145
2020-03-17,55,Mountain West,60
2020-03-17,55,North East,683
2020-03-17,55,Other,51
2020-03-17,55,Pacific West,365
2020-03-17,55,South,127
2020-03-17,55,South West,36
2020-03-18,56,Mid West,173
2020-03-18,56,Mountain West,58
2020-03-18,56,North East,874
2020-03-18,56,Other,49
2020-03-18,56,Pacific West,351
2020-03-18,56,South,299
2020-03-18,56,South West,29
2020-03-19,57,Mid West,296
2020-03-19,57,Mountain West,49
2020-03-19,57,North East,1636
2020-03-19,57,Other,11
2020-03-19,57,Pacific West,217
2020-03-19,57,South,350
2020-03-19,57,South West,98
2020-03-20,58,Mid West,505
2020-03-20,58,Mountain West,134
2020-03-20,58,North East,2525
2020-03-20,58,Other,18
2020-03-20,58,Pacific West,556
2020-03-20,58,South,621
2020-03-20,58,South West,135
2020-03-21,59,Mid West,555
2020-03-21,59,Mountain West,210
2020-03-21,59,North East,4198
2020-03-21,59,Other,45
2020-03-21,59,Pacific West,424
2020-03-21,59,South,782
2020-03-21,59,South West,153
2020-03-22,60,Mid West,572
2020-03-22,60,Mountain West,149
2020-03-22,60,North East,3701
2020-03-22,60,Other,38
2020-03-22,60,Pacific West,462
2020-03-22,60,South,871
2020-03-22,60,South West,202
2020-03-23,61,Mid West,1215
2020-03-23,61,Mountain West,203
2020-03-23,61,North East,6010
2020-03-23,61,Other,25
2020-03-23,61,Pacific West,494
2020-03-23,61,South,749
2020-03-23,61,South West,111
2020-03-24,62,Mid West,983
2020-03-24,62,Mountain West,304
2020-03-24,62,North East,7658
2020-03-24,62,Other,27
2020-03-24,62,Pacific West,732
2020-03-24,62,South,1292
2020-03-24,62,South West,224
2020-03-25,63,Mid West,1194
2020-03-25,63,Mountain West,296
2020-03-25,63,North East,6941
2020-03-25,63,Other,42
2020-03-25,63,Pacific West,593
2020-03-25,63,South,1206
2020-03-25,63,South West,305
2020-03-26,64,Mid West,1495
2020-03-26,64,Mountain West,301
2020-03-26,64,North East,7366
2020-03-26,64,Other,63
2020-03-26,64,Pacific West,794
2020-03-26,64,South,1653
2020-03-26,64,South West,362
2020-03-27,65,Mid West,2098
2020-03-27,65,Mountain West,585
2020-03-27,65,North East,10914
2020-03-27,65,Other,65
2020-03-27,65,Pacific West,1585
2020-03-27,65,South,2205
2020-03-27,65,South West,441
2020-03-28,66,Mid West,2523
2020-03-28,66,Mountain West,595
2020-03-28,66,North East,11346
2020-03-28,66,Other,63
2020-03-28,66,Pacific West,1161
2020-03-28,66,South,2398
2020-03-28,66,South West,554
2020-03-29,67,Mid West,2554
2020-03-29,67,Mountain West,604
2020-03-29,67,North East,11794
2020-03-29,67,Other,136
2020-03-29,67,Pacific West,1107
2020-03-29,67,South,2704
2020-03-29,67,South West,698
2020-03-30,68,Mid West,2928
2020-03-30,68,Mountain West,735
2020-03-30,68,North East,11499
2020-03-30,68,Other,67
2020-03-30,68,Pacific West,1276
2020-03-30,68,South,1914
2020-03-30,68,South West,512
2020-03-31,69,Mid West,2798
2020-03-31,69,Mountain West,573
2020-03-31,69,North East,13267
2020-03-31,69,Other,115
2020-03-31,69,Pacific West,1842
2020-03-31,69,South,2821
2020-03-31,69,South West,593
2020-04-01,70,Mid West,3489
2020-04-01,70,Mountain West,748
2020-04-01,70,North East,14369
2020-04-01,70,Other,172
2020-04-01,70,Pacific West,1710
2020-04-01,70,South,5008
2020-04-01,70,South West,872
2020-04-02,71,Mid West,4296
2020-04-02,71,Mountain West,623
2020-04-02,71,North East,14959
2020-04-02,71,Other,150
2020-04-02,71,Pacific West,1432
2020-04-02,71,South,3677
2020-04-02,71,South West,682
2020-04-03,72,Mid West,3885
2020-04-03,72,Mountain West,1031
2020-04-03,72,North East,15349
2020-04-03,72,Other,102
2020-04-03,72,Pacific West,2291
2020-04-03,72,South,6788
2020-04-03,72,South West,943
2020-04-04,73,Mid West,4780
2020-04-04,73,Mountain West,787
2020-04-04,73,North East,19321
2020-04-04,73,Other,115
2020-04-04,73,Pacific West,1830
2020-04-04,73,South,4209
2020-04-04,73,South West,955
2020-04-05,74,Mid West,4761
2020-04-05,74,Mountain West,978
2020-04-05,74,North East,19236
2020-04-05,74,Other,293
2020-04-05,74,Pacific West,1265
2020-04-05,74,South,5366
2020-04-05,74,South West,1099
2020-04-06,75,Mid West,3973
2020-04-06,75,Mountain West,758
2020-04-06,75,North East,16067
2020-04-06,75,Other,144
2020-04-06,75,Pacific West,2979
2020-04-06,75,South,3254
2020-04-06,75,South West,1010
2020-04-07,76,Mid West,4521
2020-04-07,76,Mountain West,457
2020-04-07,76,North East,17792
2020-04-07,76,Other,135
2020-04-07,76,Pacific West,1498
2020-04-07,76,South,4696
2020-04-07,76,South West,1087
2020-04-08,77,Mid West,4889
2020-04-08,77,Mountain West,573
2020-04-08,77,North East,16681
2020-04-08,77,Other,182
2020-04-08,77,Pacific West,1817
2020-04-08,77,South,6151
2020-04-08,77,South West,1105
2020-04-09,78,Mid West,4601
2020-04-09,78,Mountain West,528
2020-04-09,78,North East,19495
2020-04-09,78,Other,281
2020-04-09,78,Pacific West,2192
2020-04-09,78,South,3889
2020-04-09,78,South West,1030
2020-04-10,79,Mid West,4318
2020-04-10,79,Mountain West,805
2020-04-10,79,North East,21111
2020-04-10,79,Other,153
2020-04-10,79,Pacific West,1358
2020-04-10,79,South,5137
2020-04-10,79,South West,1767
2020-04-11,80,Mid West,4434
2020-04-11,80,Mountain West,966
2020-04-11,80,North East,19672
2020-04-11,80,Other,186
2020-04-11,80,Pacific West,1863
2020-04-11,80,South,5208
2020-04-11,80,South West,1207
2020-04-12,81,Mid West,4419
2020-04-12,81,Mountain West,540
2020-04-12,81,North East,17811
2020-04-12,81,Other,185
2020-04-12,81,Pacific West,1035
2020-04-12,81,South,4159
2020-04-12,81,South West,1209
2020-04-13,82,Mid West,4122
2020-04-13,82,Mountain West,674
2020-04-13,82,North East,15453
2020-04-13,82,Other,206
2020-04-13,82,Pacific West,1463
2020-04-13,82,South,4084
2020-04-13,82,South West,957
2020-04-14,83,Mid West,4133
2020-04-14,83,Mountain West,634
2020-04-14,83,North East,15159
2020-04-14,83,Other,86
2020-04-14,83,Pacific West,1227
2020-04-14,83,South,3774
2020-04-14,83,South West,778
2020-04-15,84,Mid West,4056
2020-04-15,84,Mountain West,502
2020-04-15,84,North East,17439
2020-04-15,84,Other,123
2020-04-15,84,Pacific West,1683
2020-04-15,84,South,3870
2020-04-15,84,South West,918
2020-04-16,85,Mid West,4240
2020-04-16,85,Mountain West,557
2020-04-16,85,North East,19206
2020-04-16,85,Other,194
2020-04-16,85,Pacific West,1491
2020-04-16,85,South,3125
2020-04-16,85,South West,1195
2020-04-17,86,Mid West,4195
2020-04-17,86,Mountain West,667
2020-04-17,86,North East,19677
2020-04-17,86,Other,222
2020-04-17,86,Pacific West,1193
2020-04-17,86,South,4327
2020-04-17,86,South West,1242
2020-04-18,87,Mid West,5687
2020-04-18,87,Mountain West,830
2020-04-18,87,North East,17476
2020-04-18,87,Other,152
2020-04-18,87,Pacific West,2009
2020-04-18,87,South,5292
2020-04-18,87,South West,1360
2020-04-19,88,Mid West,5189
2020-04-19,88,Mountain West,673
2020-04-19,88,North East,15141
2020-04-19,88,Other,243
2020-04-19,88,Pacific West,1710
2020-04-19,88,South,3626
2020-04-19,88,South West,1269
2020-04-20,89,Mid West,5216
2020-04-20,89,Mountain West,568
2020-04-20,89,North East,13598
2020-04-20,89,Other,222
2020-04-20,89,Pacific West,1199
2020-04-20,89,South,4066
2020-04-20,89,South West,812
2020-04-21,90,Mid West,4794
2020-04-21,90,Mountain West,636
2020-04-21,90,North East,15554
2020-04-21,90,Other,173
2020-04-21,90,Pacific West,2444
2020-04-21,90,South,4069
2020-04-21,90,South West,752
2020-04-22,91,Mid West,4756
2020-04-22,91,Mountain West,746
2020-04-22,91,North East,13768
2020-04-22,91,Other,217
2020-04-22,91,Pacific West,2129
2020-04-22,91,South,3321
2020-04-22,91,South West,1101
2020-04-23,92,Mid West,5330
2020-04-23,92,Mountain West,746
2020-04-23,92,North East,15425
2020-04-23,92,Other,63
2020-04-23,92,Pacific West,2143
2020-04-23,92,South,4477
2020-04-23,92,South West,1113
2020-04-24,93,Mid West,6349
2020-04-24,93,Mountain West,760
2020-04-24,93,North East,16078
2020-04-24,93,Other,322
2020-04-24,93,Pacific West,2440
2020-04-24,93,South,5685
2020-04-24,93,South West,1797
2020-04-25,94,Mid West,7321
2020-04-25,94,Mountain West,1394
2020-04-25,94,North East,16786
2020-04-25,94,Other,29
2020-04-25,94,Pacific West,2075
2020-04-25,94,South,4554
2020-04-25,94,South West,1407
2020-04-26,95,Mid West,5824
2020-04-26,95,Mountain West,1055
2020-04-26,95,North East,18752
2020-04-26,95,Other,203
2020-04-26,95,Pacific West,1435
2020-04-26,95,South,3641
2020-04-26,95,South West,891
2020-04-27,96,Mid West,5449
2020-04-27,96,Mountain West,867
2020-04-27,96,North East,14146
2020-04-27,96,Other,208
2020-04-27,96,Pacific West,1454
2020-04-27,96,South,3848
2020-04-27,96,South West,1128
2020-04-28,97,Mid West,5373
2020-04-28,97,Mountain West,536
2020-04-28,97,North East,11292
2020-04-28,97,Other,69
2020-04-28,97,Pacific West,1626
2020-04-28,97,South,3542
2020-04-28,97,South West,735
2020-04-29,98,Mid West,6240
2020-04-29,98,Mountain West,740
2020-04-29,98,North East,11135
2020-04-29,98,Other,113
2020-04-29,98,Pacific West,1387
2020-04-29,98,South,3735
2020-04-29,98,South West,1324
2020-04-30,99,Mid West,6614
2020-04-30,99,Mountain West,716
2020-04-30,99,North East,12130
2020-04-30,99,Other,145
2020-04-30,99,Pacific West,2880
2020-04-30,99,South,3855
2020-04-30,99,South West,1505
2020-05-01,100,Mid West,7618
2020-05-01,100,Mountain West,868
2020-05-01,100,North East,13073
2020-05-01,100,Other,336
2020-05-01,100,Pacific West,1709
2020-05-01,100,South,3899
2020-05-01,100,South West,2002
2020-05-02,101,Mid West,8915
2020-05-02,101,Mountain West,898
2020-05-02,101,North East,13698
2020-05-02,101,Other,371
2020-05-02,101,Pacific West,2285
2020-05-02,101,South,6672
2020-05-02,101,South West,1381
2020-05-03,102,Mid West,7245
2020-05-03,102,Mountain West,791
2020-05-03,102,North East,11263
2020-05-03,102,Other,321
2020-05-03,102,Pacific West,1745
2020-05-03,102,South,4798
2020-05-03,102,South West,1839
2020-05-04,103,Mid West,7181
2020-05-04,103,Mountain West,690
2020-05-04,103,North East,9414
2020-05-04,103,Other,270
2020-05-04,103,Pacific West,1786
2020-05-04,103,South,3686
2020-05-04,103,South West,1475
2020-05-05,104,Mid West,6116
2020-05-05,104,Mountain West,640
2020-05-05,104,North East,9518
2020-05-05,104,Other,189
2020-05-05,104,Pacific West,1340
2020-05-05,104,South,4349
2020-05-05,104,South West,1250
2020-05-06,105,Mid West,6029
2020-05-06,105,Mountain West,639
2020-05-06,105,North East,9144
2020-05-06,105,Other,233
2020-05-06,105,Pacific West,2789
2020-05-06,105,South,4112
2020-05-06,105,South West,1617
2020-05-07,106,Mid West,7071
2020-05-07,106,Mountain West,750
2020-05-07,106,North East,8957
2020-05-07,106,Other,188
2020-05-07,106,Pacific West,2550
2020-05-07,106,South,4060
2020-05-07,106,South West,1571
2020-05-08,107,Mid West,7778
2020-05-08,107,Mountain West,805
2020-05-08,107,North East,11105
2020-05-08,107,Other,256
2020-05-08,107,Pacific West,1937
2020-05-08,107,South,4362
2020-05-08,107,South West,1548
2020-05-09,108,Mid West,8023
2020-05-09,108,Mountain West,728
2020-05-09,108,North East,9969
2020-05-09,108,Other,374
2020-05-09,108,Pacific West,1891
2020-05-09,108,South,3926
2020-05-09,108,South West,1971
2020-05-10,109,Mid West,6312
2020-05-10,109,Mountain West,1019
2020-05-10,109,North East,8251
2020-05-10,109,Other,221
2020-05-10,109,Pacific West,3154
2020-05-10,109,South,4325
2020-05-10,109,South West,1687
2020-05-11,110,Mid West,4460
2020-05-11,110,Mountain West,459
2020-05-11,110,North East,7406
2020-05-11,110,Other,196
2020-05-11,110,Pacific West,1315
2020-05-11,110,South,3912
2020-05-11,110,South West,1108
2020-05-12,111,Mid West,4848
2020-05-12,111,Mountain West,357
2020-05-12,111,North East,6518
2020-05-12,111,Other,178
2020-05-12,111,Pacific West,2022
2020-05-12,111,South,3759
2020-05-12,111,South West,1767
2020-05-13,112,Mid West,7590
2020-05-13,112,Mountain West,550
2020-05-13,112,North East,6136
2020-05-13,112,Other,140
2020-05-13,112,Pacific West,1934
2020-05-13,112,South,4797
2020-05-13,112,South West,1609
2020-05-14,113,Mid West,5257
2020-05-14,113,Mountain West,683
2020-05-14,113,North East,6732
2020-05-14,113,Other,129
2020-05-14,113,Pacific West,2062
2020-05-14,113,South,4120
2020-05-14,113,South West,1984
2020-05-15,114,Mid West,8013
2020-05-15,114,Mountain West,591
2020-05-15,114,North East,8142
2020-05-15,114,Other,250
2020-05-15,114,Pacific West,2401
2020-05-15,114,South,5859
2020-05-15,114,South West,2057
2020-05-16,115,Mid West,6852
2020-05-16,115,Mountain West,806
2020-05-16,115,North East,8348
2020-05-16,115,Other,252
2020-05-16,115,Pacific West,2065
2020-05-16,115,South,5077
2020-05-16,115,South West,1895
2020-05-17,116,Mid West,6395
2020-05-17,116,Mountain West,731
2020-05-17,116,North East,7362
2020-05-17,116,Other,220
2020-05-17,116,Pacific West,2446
2020-05-17,116,South,4451
2020-05-17,116,South West,2413
2020-05-18,117,Mid West,4954
2020-05-18,117,Mountain West,624
2020-05-18,117,North East,6191
2020-05-18,117,Other,138
2020-05-18,117,Pacific West,1603
2020-05-18,117,South,3295
2020-05-18,117,South West,1314
2020-05-19,118,Mid West,6451
2020-05-19,118,Mountain West,572
2020-05-19,118,North East,7332
2020-05-19,118,Other,211
2020-05-19,118,Pacific West,1597
2020-05-19,118,South,4650
2020-05-19,118,South West,1202
2020-05-20,119,Mid West,4922
2020-05-20,119,Mountain West,460
2020-05-20,119,North East,6832
2020-05-20,119,Other,259
2020-05-20,119,Pacific West,2486
2020-05-20,119,South,4234
2020-05-20,119,South West,1839
2020-05-21,120,Mid West,6625
2020-05-21,120,Mountain West,868
2020-05-21,120,North East,6940
2020-05-21,120,Other,178
2020-05-21,120,Pacific West,2496
2020-05-21,120,South,4640
2020-05-21,120,South West,1762
2020-05-22,121,Mid West,6733
2020-05-22,121,Mountain West,585
2020-05-22,121,North East,6939
2020-05-22,121,Other,296
2020-05-22,121,Pacific West,2204
2020-05-22,121,South,7117
2020-05-22,121,South West,1791
2020-05-23,122,Mid West,7215
2020-05-23,122,Mountain West,695
2020-05-23,122,North East,6316
2020-05-23,122,Other,222
2020-05-23,122,Pacific West,2417
2020-05-23,122,South,5658
2020-05-23,122,South West,915
2020-05-24,123,Mid West,6452
2020-05-24,123,Mountain West,691
2020-05-24,123,North East,5342
2020-05-24,123,Other,143
2020-05-24,123,Pacific West,2313
2020-05-24,123,South,4591
2020-05-24,123,South West,1666
2020-05-25,124,Mid West,6023
2020-05-25,124,Mountain West,753
2020-05-25,124,North East,5234
2020-05-25,124,Other,234
2020-05-25,124,Pacific West,2107
2020-05-25,124,South,4036
2020-05-25,124,South West,1727
2020-05-26,125,Mid West,4818
2020-05-26,125,Mountain West,304
2020-05-26,125,North East,4237
2020-05-26,125,Other,186
2020-05-26,125,Pacific West,2663
2020-05-26,125,South,5295
2020-05-26,125,South West,829
2020-05-27,126,Mid West,4076
2020-05-27,126,Mountain West,503
2020-05-27,126,North East,4766
2020-05-27,126,Other,174
2020-05-27,126,Pacific West,3160
2020-05-27,126,South,5633
2020-05-27,126,South West,1214
2020-05-28,127,Mid West,5063
2020-05-28,127,Mountain West,466
2020-05-28,127,North East,4463
2020-05-28,127,Other,148
2020-05-28,127,Pacific West,1877
2020-05-28,127,South,4685
2020-05-28,127,South West,1888
2020-05-29,128,Mid West,5095
2020-05-29,128,Mountain West,758
2020-05-29,128,North East,5570
2020-05-29,128,Other,176
2020-05-29,128,Pacific West,3164
2020-05-29,128,South,5662
2020-05-29,128,South West,2524
2020-05-30,129,Mid West,6185
2020-05-30,129,Mountain West,985
2020-05-30,129,North East,6340
2020-05-30,129,Other,208
2020-05-30,129,Pacific West,3185
2020-05-30,129,South,6219
2020-05-30,129,South West,1230
2020-05-31,130,Mid West,5103
2020-05-31,130,Mountain West,948
2020-05-31,130,North East,4853
2020-05-31,130,Other,250
2020-05-31,130,Pacific West,3596
2020-05-31,130,South,6184
2020-05-31,130,South West,2910
2020-06-01,131,Mid West,4248
2020-06-01,131,Mountain West,706
2020-06-01,131,North East,3882
2020-06-01,131,Other,142
2020-06-01,131,Pacific West,2497
2020-06-01,131,South,5199
2020-06-01,131,South West,2501
2020-06-02,132,Mid West,3485
2020-06-02,132,Mountain West,486
2020-06-02,132,North East,3763
2020-06-02,132,Other,157
2020-06-02,132,Pacific West,3123
2020-06-02,132,South,5105
2020-06-02,132,South West,1245
2020-06-03,133,Mid West,4450
2020-06-03,133,Mountain West,670
2020-06-03,133,North East,4374
2020-06-03,133,Other,92
2020-06-03,133,Pacific West,2717
2020-06-03,133,South,5995
2020-06-03,133,South West,3076
2020-06-04,134,Mid West,4322
2020-06-04,134,Mountain West,665
2020-06-04,134,North East,3734
2020-06-04,134,Other,221
2020-06-04,134,Pacific West,2569
2020-06-04,134,South,5692
2020-06-04,134,South West,2775
2020-06-05,135,Mid West,4357
2020-06-05,135,Mountain West,871
2020-06-05,135,North East,3756
2020-06-05,135,Other,594
2020-06-05,135,Pacific West,3170
2020-06-05,135,South,6570
2020-06-05,135,South West,2421
2020-06-06,136,Mid West,5110
2020-06-06,136,Mountain West,1009
2020-06-06,136,North East,4091
2020-06-06,136,Other,191
2020-06-06,136,Pacific West,3971
2020-06-06,136,South,6932
2020-06-06,136,South West,3865
2020-06-07,137,Mid West,3730
2020-06-07,137,Mountain West,994
2020-06-07,137,North East,3776
2020-06-07,137,Other,365
2020-06-07,137,Pacific West,3295
2020-06-07,137,South,6616
2020-06-07,137,South West,3062
2020-06-08,138,Mid West,3004
2020-06-08,138,Mountain West,612
2020-06-08,138,North East,2434
2020-06-08,138,Other,134
2020-06-08,138,Pacific West,2441
2020-06-08,138,South,6547
2020-06-08,138,South West,2616
2020-06-09,139,Mid West,2806
2020-06-09,139,Mountain West,651
2020-06-09,139,North East,2683
2020-06-09,139,Other,119
2020-06-09,139,Pacific West,3751
2020-06-09,139,South,5652
2020-06-09,139,South West,1866
2020-06-10,140,Mid West,3033
2020-06-10,140,Mountain West,678
2020-06-10,140,North East,2575
2020-06-10,140,Other,227
2020-06-10,140,Pacific West,3263
2020-06-10,140,South,6190
2020-06-10,140,South West,2406
2020-06-11,141,Mid West,3087
2020-06-11,141,Mountain West,686
2020-06-11,141,North East,2907
2020-06-11,141,Other,208
2020-06-11,141,Pacific West,3131
2020-06-11,141,South,6538
2020-06-11,141,South West,4270
2020-06-12,142,Mid West,3765
2020-06-12,142,Mountain West,822
2020-06-12,142,North East,3055
2020-06-12,142,Other,78
2020-06-12,142,Pacific West,4360
2020-06-12,142,South,7714
2020-06-12,142,South West,3413
2020-06-13,143,Mid West,3556
2020-06-13,143,Mountain West,852
2020-06-13,143,North East,2967
2020-06-13,143,Other,249
2020-06-13,143,Pacific West,3787
2020-06-13,143,South,9260
2020-06-13,143,South West,4200
2020-06-14,144,Mid West,3434
2020-06-14,144,Mountain West,930
2020-06-14,144,North East,3068
2020-06-14,144,Other,209
2020-06-14,144,Pacific West,3793
2020-06-14,144,South,10127
2020-06-14,144,South West,3704
2020-06-15,145,Mid West,2747
2020-06-15,145,Mountain West,718
2020-06-15,145,North East,1895
2020-06-15,145,Other,179
2020-06-15,145,Pacific West,2887
2020-06-15,145,South,8195
2020-06-15,145,South West,2756
2020-06-16,146,Mid West,2930
2020-06-16,146,Mountain West,605
2020-06-16,146,North East,2212
2020-06-16,146,Other,113
2020-06-16,146,Pacific West,3897
2020-06-16,146,South,7220
2020-06-16,146,South West,2948
2020-06-17,147,Mid West,2963
2020-06-17,147,Mountain West,918
2020-06-17,147,North East,2209
2020-06-17,147,Other,81
2020-06-17,147,Pacific West,3900
2020-06-17,147,South,7939
2020-06-17,147,South West,5787
2020-06-18,148,Mid West,3389
2020-06-18,148,Mountain West,1018
2020-06-18,148,North East,2232
2020-06-18,148,Other,84
2020-06-18,148,Pacific West,4243
2020-06-18,148,South,8929
2020-06-18,148,South West,6014
2020-06-19,149,Mid West,4350
2020-06-19,149,Mountain West,1206
2020-06-19,149,North East,2120
2020-06-19,149,Other,168
2020-06-19,149,Pacific West,4928
2020-06-19,149,South,9264
2020-06-19,149,South West,6156
2020-06-20,150,Mid West,4127
2020-06-20,150,Mountain West,1395
2020-06-20,150,North East,2577
2020-06-20,150,Other,141
2020-06-20,150,Pacific West,4399
2020-06-20,150,South,10979
2020-06-20,150,South West,7707
2020-06-21,151,Mid West,3978
2020-06-21,151,Mountain West,1427
2020-06-21,151,North East,2238
2020-06-21,151,Other,322
2020-06-21,151,Pacific West,5206
2020-06-21,151,South,11511
2020-06-21,151,South West,7574
2020-06-22,152,Mid West,4067
2020-06-22,152,Mountain West,888
2020-06-22,152,North East,1941
2020-06-22,152,Other,101
2020-06-22,152,Pacific West,4095
2020-06-22,152,South,9055
2020-06-22,152,South West,5962
2020-06-23,153,Mid West,3234
2020-06-23,153,Mountain West,1198
2020-06-23,153,North East,2219
2020-06-23,153,Other,77
2020-06-23,153,Pacific West,6457
2020-06-23,153,South,10320
2020-06-23,153,South West,6983
2020-06-24,154,Mid West,3485
2020-06-24,154,Mountain West,1082
2020-06-24,154,North East,2405
2020-06-24,154,Other,160
2020-06-24,154,Pacific West,7456
2020-06-24,154,South,12144
2020-06-24,154,South West,9065
2020-06-25,155,Mid West,4052
2020-06-25,155,Mountain West,1310
2020-06-25,155,North East,1958
2020-06-25,155,Other,170
2020-06-25,155,Pacific West,5239
2020-06-25,155,South,14566
2020-06-25,155,South West,7164
2020-06-26,156,Mid West,5676
2020-06-26,156,Mountain West,1955
2020-06-26,156,North East,2469
2020-06-26,156,Other,97
2020-06-26,156,Pacific West,5770
2020-06-26,156,South,14870
2020-06-26,156,South West,9719
2020-06-27,157,Mid West,5621
2020-06-27,157,Mountain West,1442
2020-06-27,157,North East,2653
2020-06-27,157,Other,88
2020-06-27,157,Pacific West,6514
2020-06-27,157,South,19796
2020-06-27,157,South West,9209
2020-06-28,158,Mid West,4889
2020-06-28,158,Mountain West,2407
2020-06-28,158,North East,2376
2020-06-28,158,Other,175
2020-06-28,158,Pacific West,4706
2020-06-28,158,South,18408
2020-06-28,158,South West,9397
2020-06-29,159,Mid West,4513
2020-06-29,159,Mountain West,1614
2020-06-29,159,North East,2043
2020-06-29,159,Other,155
2020-06-29,159,Pacific West,5449
2020-06-29,159,South,16767
2020-06-29,159,South West,8814
2020-06-30,160,Mid West,4333
2020-06-30,160,Mountain West,2021
2020-06-30,160,North East,2129
2020-06-30,160,Other,111
2020-06-30,160,Pacific West,8830
2020-06-30,160,South,16483
2020-06-30,160,South West,6782
2020-07-01,161,Mid West,5070
2020-07-01,161,Mountain West,1769
2020-07-01,161,North East,2478
2020-07-01,161,Other,254
2020-07-01,161,Pacific West,8578
2020-07-01,161,South,16823
2020-07-01,161,South West,11202
2020-07-02,162,Mid West,5364
2020-07-02,162,Mountain West,1787
2020-07-02,162,North East,2305
2020-07-02,162,Other,129
2020-07-02,162,Pacific West,8200
2020-07-02,162,South,19225
2020-07-02,162,South West,14314
2020-07-03,163,Mid West,6339
2020-07-03,163,Mountain West,1835
2020-07-03,163,North East,3333
2020-07-03,163,Other,112
2020-07-03,163,Pacific West,9018
2020-07-03,163,South,24131
2020-07-03,163,South West,10353
2020-07-04,164,Mid West,6258
2020-07-04,164,Mountain West,2319
2020-07-04,164,North East,3133
2020-07-04,164,Other,126
2020-07-04,164,Pacific West,5022
2020-07-04,164,South,23359
2020-07-04,164,South West,12345
2020-07-05,165,Mid West,5575
2020-07-05,165,Mountain West,2226
2020-07-05,165,North East,2108
2020-07-05,165,Other,129
2020-07-05,165,Pacific West,3223
2020-07-05,165,South,22346
2020-07-05,165,South West,10141
2020-07-06,166,Mid West,5085
2020-07-06,166,Mountain West,1888
2020-07-06,166,North East,1975
2020-07-06,166,Other,164
2020-07-06,166,Pacific West,12794
2020-07-06,166,South,20885
2020-07-06,166,South West,7192
2020-07-07,167,Mid West,4802
2020-07-07,167,Mountain West,1597
2020-07-07,167,North East,2397
2020-07-07,167,Other,724
2020-07-07,167,Pacific West,7641
2020-07-07,167,South,15665
2020-07-07,167,South West,11824
2020-07-08,168,Mid West,6895
2020-07-08,168,Mountain West,2446
2020-07-08,168,North East,2777
2020-07-08,168,Other,189
2020-07-08,168,Pacific West,13687
2020-07-08,168,South,19925
2020-07-08,168,South West,14243
2020-07-09,169,Mid West,7064
2020-07-09,169,Mountain West,2195
2020-07-09,169,North East,2591
2020-07-09,169,Other,114
2020-07-09,169,Pacific West,9355
2020-07-09,169,South,25150
2020-07-09,169,South West,12713
2020-07-10,170,Mid West,7418
2020-07-10,170,Mountain West,2197
2020-07-10,170,North East,2765
2020-07-10,170,Other,178
2020-07-10,170,Pacific West,11023
2020-07-10,170,South,23794
2020-07-10,170,South West,15903
2020-07-11,171,Mid West,8641
2020-07-11,171,Mountain West,3185
2020-07-11,171,North East,3097
2020-07-11,171,Other,349
2020-07-11,171,Pacific West,9386
2020-07-11,171,South,29162
2020-07-11,171,South West,13898
2020-07-12,172,Mid West,8203
2020-07-12,172,Mountain West,2672
2020-07-12,172,North East,2629
2020-07-12,172,Other,303
2020-07-12,172,Pacific West,8392
2020-07-12,172,South,26210
2020-07-12,172,South West,11757
2020-07-13,173,Mid West,6836
2020-07-13,173,Mountain West,2297
2020-07-13,173,North East,2461
2020-07-13,173,Other,348
2020-07-13,173,Pacific West,7675
2020-07-13,173,South,28145
2020-07-13,173,South West,11139
2020-07-14,174,Mid West,6141
2020-07-14,174,Mountain West,2328
2020-07-14,174,North East,2548
2020-07-14,174,Other,442
2020-07-14,174,Pacific West,10277
2020-07-14,174,South,29109
2020-07-14,174,South West,8636
2020-07-15,175,Mid West,7364
2020-07-15,175,Mountain West,2474
2020-07-15,175,North East,3457
2020-07-15,175,Other,156
2020-07-15,175,Pacific West,13849
2020-07-15,175,South,25382
2020-07-15,175,South West,14295
2020-07-16,176,Mid West,9067
2020-07-16,176,Mountain West,2639
2020-07-16,176,North East,3557
2020-07-16,176,Other,374
2020-07-16,176,Pacific West,9777
2020-07-16,176,South,27315
2020-07-16,176,South West,14899
2020-07-17,177,Mid West,8712
2020-07-17,177,Mountain West,3833
2020-07-17,177,North East,2994
2020-07-17,177,Other,253
2020-07-17,177,Pacific West,11613
2020-07-17,177,South,31455
2020-07-17,177,South West,18518
2020-07-18,178,Mid West,9274
2020-07-18,178,Mountain West,3522
2020-07-18,178,North East,3303
2020-07-18,178,Other,599
2020-07-18,178,Pacific West,9675
2020-07-18,178,South,29506
2020-07-18,178,South West,16142
2020-07-19,179,Mid West,8744
2020-07-19,179,Mountain West,3080
2020-07-19,179,North East,2816
2020-07-19,179,Other,432
2020-07-19,179,Pacific West,8889
2020-07-19,179,South,26442
2020-07-19,179,South West,12360
2020-07-20,180,Mid West,7174
2020-07-20,180,Mountain West,3078
2020-07-20,180,North East,2253
2020-07-20,180,Other,677
2020-07-20,180,Pacific West,7654
2020-07-20,180,South,29711
2020-07-20,180,South West,10745
2020-07-21,181,Mid West,7525
2020-07-21,181,Mountain West,2323
2020-07-21,181,North East,3025
2020-07-21,181,Other,503
2020-07-21,181,Pacific West,12181
2020-07-21,181,South,26121
2020-07-21,181,South West,10329
2020-07-22,182,Mid West,7963
2020-07-22,182,Mountain West,2491
2020-07-22,182,North East,3630
2020-07-22,182,Other,567
2020-07-22,182,Pacific West,12690
2020-07-22,182,South,26014
2020-07-22,182,South West,11090
2020-07-23,183,Mid West,9610
2020-07-23,183,Mountain West,2984
2020-07-23,183,North East,3055
2020-07-23,183,Other,227
2020-07-23,183,Pacific West,13031
2020-07-23,183,South,27635
2020-07-23,183,South West,14781
2020-07-24,184,Mid West,10328
2020-07-24,184,Mountain West,2969
2020-07-24,184,North East,3177
2020-07-24,184,Other,500
2020-07-24,184,Pacific West,10703
2020-07-24,184,South,29321
2020-07-24,184,South West,12092
2020-07-25,185,Mid West,11074
2020-07-25,185,Mountain West,3211
2020-07-25,185,North East,4593
2020-07-25,185,Other,588
2020-07-25,185,Pacific West,10743
2020-07-25,185,South,31912
2020-07-25,185,South West,10996
2020-07-26,186,Mid West,9811
2020-07-26,186,Mountain West,3224
2020-07-26,186,North East,3615
2020-07-26,186,Other,643
2020-07-26,186,Pacific West,7869
2020-07-26,186,South,27345
2020-07-26,186,South West,13975
2020-07-27,187,Mid West,9675
2020-07-27,187,Mountain West,2387
2020-07-27,187,North East,2672
2020-07-27,187,Other,666
2020-07-27,187,Pacific West,7184
2020-07-27,187,South,26240
2020-07-27,187,South West,6025
2020-07-28,188,Mid West,8644
2020-07-28,188,Mountain West,2251
2020-07-28,188,North East,4459
2020-07-28,188,Other,390
2020-07-28,188,Pacific West,6988
2020-07-28,188,South,25336
2020-07-28,188,South West,8525
2020-07-29,189,Mid West,8919
2020-07-29,189,Mountain West,2991
2020-07-29,189,North East,3551
2020-07-29,189,Other,509
2020-07-29,189,Pacific West,14026
2020-07-29,189,South,25272
2020-07-29,189,South West,10553
2020-07-30,190,Mid West,10301
2020-07-30,190,Mountain West,2386
2020-07-30,190,North East,3694
2020-07-30,190,Other,290
2020-07-30,190,Pacific West,15445
2020-07-30,190,South,26025
2020-07-30,190,South West,13186
2020-07-31,191,Mid West,11802
2020-07-31,191,Mountain West,2692
2020-07-31,191,North East,3682
2020-07-31,191,Other,571
2020-07-31,191,Pacific West,9495
2020-07-31,191,South,27567
2020-07-31,191,South West,12011
2020-08-01,192,Mid West,10673
2020-08-01,192,Mountain West,3034
2020-08-01,192,North East,4217
2020-08-01,192,Other,299
2020-08-01,192,Pacific West,8216
2020-08-01,192,South,27226
2020-08-01,192,South West,13488
2020-08-02,193,Mid West,9524
2020-08-02,193,Mountain West,2503
2020-08-02,193,North East,3126
2020-08-02,193,Other,1187
2020-08-02,193,Pacific West,8356
2020-08-02,193,South,23578
2020-08-02,193,South West,9633
2020-08-03,194,Mid West,7468
2020-08-03,194,Mountain West,2215
2020-08-03,194,North East,2565
2020-08-03,194,Other,621
2020-08-03,194,Pacific West,6667
2020-08-03,194,South,22705
2020-08-03,194,South West,5092
2020-08-04,195,Mid West,7033
2020-08-04,195,Mountain West,2229
2020-08-04,195,North East,3542
2020-08-04,195,Other,445
2020-08-04,195,Pacific West,5771
2020-08-04,195,South,16204
2020-08-04,195,South West,9623
2020-08-05,196,Mid West,8741
2020-08-05,196,Mountain West,2467
2020-08-05,196,North East,3284
2020-08-05,196,Other,656
2020-08-05,196,Pacific West,11043
2020-08-05,196,South,20659
2020-08-05,196,South West,10626
2020-08-06,197,Mid West,9793
2020-08-06,197,Mountain West,2290
2020-08-06,197,North East,3047
2020-08-06,197,Other,398
2020-08-06,197,Pacific West,5136
2020-08-06,197,South,20102
2020-08-06,197,South West,12891
2020-08-07,198,Mid West,10259
2020-08-07,198,Mountain West,2660
2020-08-07,198,North East,3095
2020-08-07,198,Other,393
2020-08-07,198,Pacific West,12009
2020-08-07,198,South,22654
2020-08-07,198,South West,8581
2020-08-08,199,Mid West,10344
2020-08-08,199,Mountain West,2619
2020-08-08,199,North East,3320
2020-08-08,199,Other,844
2020-08-08,199,Pacific West,6825
2020-08-08,199,South,25422
2020-08-08,199,South West,8973
2020-08-09,200,Mid West,9577
2020-08-09,200,Mountain West,2412
2020-08-09,200,North East,2779
2020-08-09,200,Other,809
2020-08-09,200,Pacific West,9203
2020-08-09,200,South,23388
2020-08-09,200,South West,7532
2020-08-10,201,Mid West,8089
2020-08-10,201,Mountain West,1799
2020-08-10,201,North East,2641
2020-08-10,201,Other,804
2020-08-10,201,Pacific West,6421
2020-08-10,201,South,19659
2020-08-10,201,South West,6712
2020-08-11,202,Mid West,7150
2020-08-11,202,Mountain West,1869
2020-08-11,202,North East,3295
2020-08-11,202,Other,774
2020-08-11,202,Pacific West,15485
2020-08-11,202,South,14211
2020-08-11,202,South West,6982
2020-08-12,203,Mid West,8511
2020-08-12,203,Mountain West,1925
2020-08-12,203,North East,3131
2020-08-12,203,Other,731
2020-08-12,203,Pacific West,5678
2020-08-12,203,South,17406
2020-08-12,203,South West,9532
2020-08-13,204,Mid West,8813
2020-08-13,204,Mountain West,1894
2020-08-13,204,North East,3133
2020-08-13,204,Other,797
2020-08-13,204,Pacific West,13498
2020-08-13,204,South,21720
2020-08-13,204,South West,7156
2020-08-14,205,Mid West,10519
2020-08-14,205,Mountain West,2066
2020-08-14,205,North East,3973
2020-08-14,205,Other,508
2020-08-14,205,Pacific West,7978
2020-08-14,205,South,18548
2020-08-14,205,South West,8402
2020-08-15,206,Mid West,11297
2020-08-15,206,Mountain West,2710
2020-08-15,206,North East,3870
2020-08-15,206,Other,824
2020-08-15,206,Pacific West,16566
2020-08-15,206,South,19413
2020-08-15,206,South West,9916
2020-08-16,207,Mid West,10820
2020-08-16,207,Mountain West,1970
2020-08-16,207,North East,2913
2020-08-16,207,Other,638
2020-08-16,207,Pacific West,6411
2020-08-16,207,South,16721
2020-08-16,207,South West,7954
2020-08-17,208,Mid West,7362
2020-08-17,208,Mountain West,1697
2020-08-17,208,North East,1892
2020-08-17,208,Other,379
2020-08-17,208,Pacific West,7020
2020-08-17,208,South,13233
2020-08-17,208,South West,9831
2020-08-18,209,Mid West,7494
2020-08-18,209,Mountain West,1466
2020-08-18,209,North East,2931
2020-08-18,209,Other,905
2020-08-18,209,Pacific West,6214
2020-08-18,209,South,10653
2020-08-18,209,South West,6276
2020-08-19,210,Mid West,6998
2020-08-19,210,Mountain West,1663
2020-08-19,210,North East,2700
2020-08-19,210,Other,1063
2020-08-19,210,Pacific West,9697
2020-08-19,210,South,14546
2020-08-19,210,South West,8696
2020-08-20,211,Mid West,9502
2020-08-20,211,Mountain West,1563
2020-08-20,211,North East,2631
2020-08-20,211,Other,282
2020-08-20,211,Pacific West,10091
2020-08-20,211,South,16643
2020-08-20,211,South West,6628
2020-08-21,212,Mid West,9871
2020-08-21,212,Mountain West,1918
2020-08-21,212,North East,2734
2020-08-21,212,Other,410
2020-08-21,212,Pacific West,6308
2020-08-21,212,South,16659
2020-08-21,212,South West,6184
2020-08-22,213,Mid West,10863
2020-08-22,213,Mountain West,1777
2020-08-22,213,North East,3042
2020-08-22,213,Other,889
2020-08-22,213,Pacific West,7579
2020-08-22,213,South,17640
2020-08-22,213,South West,6433
2020-08-23,214,Mid West,11592
2020-08-23,214,Mountain West,2132
2020-08-23,214,North East,2839
2020-08-23,214,Other,824
2020-08-23,214,Pacific West,7014
2020-08-23,214,South,15094
2020-08-23,214,South West,4920
2020-08-24,215,Mid West,7586
2020-08-24,215,Mountain West,1367
2020-08-24,215,North East,2030
2020-08-24,215,Other,395
2020-08-24,215,Pacific West,5800
2020-08-24,215,South,12193
2020-08-24,215,South West,5058
2020-08-25,216,Mid West,9058
2020-08-25,216,Mountain West,1153
2020-08-25,216,North East,3020
2020-08-25,216,Other,915
2020-08-25,216,Pacific West,7099
2020-08-25,216,South,11928
2020-08-25,216,South West,4684
2020-08-26,217,Mid West,8417
2020-08-26,217,Mountain West,1837
2020-08-26,217,North East,2421
2020-08-26,217,Other,238
2020-08-26,217,Pacific West,6292
2020-08-26,217,South,12038
2020-08-26,217,South West,6989
2020-08-27,218,Mid West,11245
2020-08-27,218,Mountain West,1368
2020-08-27,218,North East,2522
2020-08-27,218,Other,192
2020-08-27,218,Pacific West,6938
2020-08-27,218,South,16196
2020-08-27,218,South West,6632
2020-08-28,219,Mid West,13665
2020-08-28,219,Mountain West,1826
2020-08-28,219,North East,3012
2020-08-28,219,Other,883
2020-08-28,219,Pacific West,5944
2020-08-28,219,South,15782
2020-08-28,219,South West,4769
2020-08-29,220,Mid West,12193
2020-08-29,220,Mountain West,1920
2020-08-29,220,North East,3233
2020-08-29,220,Other,740
2020-08-29,220,Pacific West,6838
2020-08-29,220,South,15841
2020-08-29,220,South West,5446
2020-08-30,221,Mid West,11067
2020-08-30,221,Mountain West,1806
2020-08-30,221,North East,2980
2020-08-30,221,Other,681
2020-08-30,221,Pacific West,5876
2020-08-30,221,South,15456
2020-08-30,221,South West,8162
2020-08-31,222,Mid West,10786
2020-08-31,222,Mountain West,1391
2020-08-31,222,North East,2236
2020-08-31,222,Other,343
2020-08-31,222,Pacific West,4864
2020-08-31,222,South,12444
2020-08-31,222,South West,3298
2020-09-01,223,Mid West,8579
2020-09-01,223,Mountain West,1099
2020-09-01,223,North East,3354
2020-09-01,223,Other,497
2020-09-01,223,Pacific West,7169
2020-09-01,223,South,10404
2020-09-01,223,South West,3412
2020-09-02,224,Mid West,9455
2020-09-02,224,Mountain West,1436
2020-09-02,224,North East,3194
2020-09-02,224,Other,341
2020-09-02,224,Pacific West,3896
2020-09-02,224,South,18615
2020-09-02,224,South West,5597
2020-09-03,225,Mid West,10712
2020-09-03,225,Mountain West,1432
2020-09-03,225,North East,3082
2020-09-03,225,Other,658
2020-09-03,225,Pacific West,6636
2020-09-03,225,South,13258
2020-09-03,225,South West,4805
2020-09-04,226,Mid West,11625
2020-09-04,226,Mountain West,1596
2020-09-04,226,North East,3076
2020-09-04,226,Other,325
2020-09-04,226,Pacific West,5778
2020-09-04,226,South,16647
2020-09-04,226,South West,4859
2020-09-05,227,Mid West,16771
2020-09-05,227,Mountain West,1465
2020-09-05,227,North East,3665
2020-09-05,227,Other,153
2020-09-05,227,Pacific West,5785
2020-09-05,227,South,15528
2020-09-05,227,South West,6746
2020-09-06,228,Mid West,13103
2020-09-06,228,Mountain West,1948
2020-09-06,228,North East,3326
2020-09-06,228,Other,321
2020-09-06,228,Pacific West,5718
2020-09-06,228,South,14231
2020-09-06,228,South West,5447
2020-09-07,229,Mid West,7667
2020-09-07,229,Mountain West,1513
2020-09-07,229,North East,2687
2020-09-07,229,Other,96
2020-09-07,229,Pacific West,4388
2020-09-07,229,South,12101
2020-09-07,229,South West,2696
2020-09-08,230,Mid West,7960
2020-09-08,230,Mountain West,1069
2020-09-08,230,North East,2817
2020-09-08,230,Other,888
2020-09-08,230,Pacific West,2704
2020-09-08,230,South,7553
2020-09-08,230,South West,1073
2020-09-09,231,Mid West,7466
2020-09-09,231,Mountain West,1028
2020-09-09,231,North East,2836
2020-09-09,231,Other,271
2020-09-09,231,Pacific West,3645
2020-09-09,231,South,7987
2020-09-09,231,South West,3504
2020-09-10,232,Mid West,9143
2020-09-10,232,Mountain West,1164
2020-09-10,232,North East,2467
2020-09-10,232,Other,79
2020-09-10,232,Pacific West,3688
2020-09-10,232,South,11360
2020-09-10,232,South West,5656
2020-09-11,233,Mid West,11032
2020-09-11,233,Mountain West,1457
2020-09-11,233,North East,3367
2020-09-11,233,Other,889
2020-09-11,233,Pacific West,4596
2020-09-11,233,South,12755
2020-09-11,233,South West,2263
2020-09-12,234,Mid West,13039
2020-09-12,234,Mountain West,1743
2020-09-12,234,North East,3982
2020-09-12,234,Other,400
2020-09-12,234,Pacific West,4963
2020-09-12,234,South,16947
2020-09-12,234,South West,6457
2020-09-13,235,Mid West,12639
2020-09-13,235,Mountain West,1790
2020-09-13,235,North East,3843
2020-09-13,235,Other,522
2020-09-13,235,Pacific West,5017
2020-09-13,235,South,13859
2020-09-13,235,South West,3385
2020-09-14,236,Mid West,9521
2020-09-14,236,Mountain West,1619
2020-09-14,236,North East,2637
2020-09-14,236,Other,396
2020-09-14,236,Pacific West,3500
2020-09-14,236,South,12280
2020-09-14,236,South West,4744
2020-09-15,237,Mid West,10128
2020-09-15,237,Mountain West,1601
2020-09-15,237,North East,3476
2020-09-15,237,Other,466
2020-09-15,237,Pacific West,3874
2020-09-15,237,South,10252
2020-09-15,237,South West,4157
2020-09-16,238,Mid West,9783
2020-09-16,238,Mountain West,1661
2020-09-16,238,North East,3670
2020-09-16,238,Other,537
2020-09-16,238,Pacific West,3831
2020-09-16,238,South,12150
2020-09-16,238,South West,7570
2020-09-17,239,Mid West,11055
2020-09-17,239,Mountain West,2138
2020-09-17,239,North East,3189
2020-09-17,239,Other,215
2020-09-17,239,Pacific West,3806
2020-09-17,239,South,13286
2020-09-17,239,South West,4870
2020-09-18,240,Mid West,12904
2020-09-18,240,Mountain West,2415
2020-09-18,240,North East,3908
2020-09-18,240,Other,669
2020-09-18,240,Pacific West,4583
2020-09-18,240,South,13807
2020-09-18,240,South West,6454
2020-09-19,241,Mid West,15707
2020-09-19,241,Mountain West,3012
2020-09-19,241,North East,3463
2020-09-19,241,Other,927
2020-09-19,241,Pacific West,5363
2020-09-19,241,South,15606
2020-09-19,241,South West,4646
2020-09-20,242,Mid West,13528
2020-09-20,242,Mountain West,2620
2020-09-20,242,North East,3620
2020-09-20,242,Other,1365
2020-09-20,242,Pacific West,4881
2020-09-20,242,South,13911
2020-09-20,242,South West,4148
2020-09-21,243,Mid West,9889
2020-09-21,243,Mountain West,2277
2020-09-21,243,North East,2909
2020-09-21,243,Other,910
2020-09-21,243,Pacific West,3591
2020-09-21,243,South,11056
2020-09-21,243,South West,5604
2020-09-22,244,Mid West,11382
2020-09-22,244,Mountain West,2008
2020-09-22,244,North East,3407
2020-09-22,244,Other,735
2020-09-22,244,Pacific West,4431
2020-09-22,244,South,8397
2020-09-22,244,South West,22105
2020-09-23,245,Mid West,9868
2020-09-23,245,Mountain West,2355
2020-09-23,245,North East,2903
2020-09-23,245,Other,215
2020-09-23,245,Pacific West,3873
2020-09-23,245,South,12490
2020-09-23,245,South West,7287
2020-09-24,246,Mid West,12998
2020-09-24,246,Mountain West,2763
2020-09-24,246,North East,3259
2020-09-24,246,Other,150
2020-09-24,246,Pacific West,4314
2020-09-24,246,South,12778
2020-09-24,246,South West,2185
2020-09-25,247,Mid West,13919
2020-09-25,247,Mountain West,3093
2020-09-25,247,North East,3503
2020-09-25,247,Other,1266
2020-09-25,247,Pacific West,4211
2020-09-25,247,South,12902
2020-09-25,247,South West,5258
2020-09-26,248,Mid West,16481
2020-09-26,248,Mountain West,3636
2020-09-26,248,North East,3863
2020-09-26,248,Other,1149
2020-09-26,248,Pacific West,5820
2020-09-26,248,South,15165
2020-09-26,248,South West,4480
2020-09-27,249,Mid West,15634
2020-09-27,249,Mountain West,3130
2020-09-27,249,North East,3995
2020-09-27,249,Other,582
2020-09-27,249,Pacific West,4908
2020-09-27,249,South,12724
2020-09-27,249,South West,3907
2020-09-28,250,Mid West,11092
2020-09-28,250,Mountain West,2583
2020-09-28,250,North East,3585
2020-09-28,250,Other,926
2020-09-28,250,Pacific West,3327
2020-09-28,250,South,9901
2020-09-28,250,South West,5008
2020-09-29,251,Mid West,12326
2020-09-29,251,Mountain West,2550
2020-09-29,251,North East,4134
2020-09-29,251,Other,1133
2020-09-29,251,Pacific West,3568
2020-09-29,251,South,6752
2020-09-29,251,South West,2856
2020-09-30,252,Mid West,11308
2020-09-30,252,Mountain West,2522
2020-09-30,252,North East,4696
2020-09-30,252,Other,1238
2020-09-30,252,Pacific West,3853
2020-09-30,252,South,11590
2020-09-30,252,South West,6912
2020-10-01,253,Mid West,12728
2020-10-01,253,Mountain West,2890
2020-10-01,253,North East,4160
2020-10-01,253,Other,359
2020-10-01,253,Pacific West,4385
2020-10-01,253,South,10539
2020-10-01,253,South West,6356
2020-10-02,254,Mid West,14355
2020-10-02,254,Mountain West,3197
2020-10-02,254,North East,5105
2020-10-02,254,Other,355
2020-10-02,254,Pacific West,4282
2020-10-02,254,South,12829
2020-10-02,254,South West,4648
2020-10-03,255,Mid West,19237
2020-10-03,255,Mountain West,3722
2020-10-03,255,North East,6140
2020-10-03,255,Other,745
2020-10-03,255,Pacific West,5033
2020-10-03,255,South,13201
2020-10-03,255,South West,6460
2020-10-04,256,Mid West,15850
2020-10-04,256,Mountain West,3367
2020-10-04,256,North East,4226
2020-10-04,256,Other,808
2020-10-04,256,Pacific West,4739
2020-10-04,256,South,15023
2020-10-04,256,South West,6051
2020-10-05,257,Mid West,9784
2020-10-05,257,Mountain West,2986
2020-10-05,257,North East,5059
2020-10-05,257,Other,346
2020-10-05,257,Pacific West,4119
2020-10-05,257,South,9868
2020-10-05,257,South West,3305
2020-10-06,258,Mid West,12704
2020-10-06,258,Mountain West,2698
2020-10-06,258,North East,4778
2020-10-06,258,Other,791
2020-10-06,258,Pacific West,3724
2020-10-06,258,South,10264
2020-10-06,258,South West,4596
2020-10-07,259,Mid West,12658
2020-10-07,259,Mountain West,3150
2020-10-07,259,North East,4565
2020-10-07,259,Other,601
2020-10-07,259,Pacific West,3606
2020-10-07,259,South,11944
2020-10-07,259,South West,5429
2020-10-08,260,Mid West,15955
2020-10-08,260,Mountain West,3685
2020-10-08,260,North East,4597
2020-10-08,260,Other,82
2020-10-08,260,Pacific West,4796
2020-10-08,260,South,15076
2020-10-08,260,South West,6150
2020-10-09,261,Mid West,18515
2020-10-09,261,Mountain West,4324
2020-10-09,261,North East,6738
2020-10-09,261,Other,707
2020-10-09,261,Pacific West,4775
2020-10-09,261,South,15860
2020-10-09,261,South West,5311
2020-10-10,262,Mid West,19880
2020-10-10,262,Mountain West,4570
2020-10-10,262,North East,6148
2020-10-10,262,Other,731
2020-10-10,262,Pacific West,5201
2020-10-10,262,South,15309
2020-10-10,262,South West,5605
2020-10-11,263,Mid West,22920
2020-10-11,263,Mountain West,4634
2020-10-11,263,North East,5388
2020-10-11,263,Other,550
2020-10-11,263,Pacific West,4511
2020-10-11,263,South,11540
2020-10-11,263,South West,5099
2020-10-12,264,Mid West,13640
2020-10-12,264,Mountain West,3505
2020-10-12,264,North East,4222
2020-10-12,264,Other,373
2020-10-12,264,Pacific West,3462
2020-10-12,264,South,16049
2020-10-12,264,South West,3369
2020-10-13,265,Mid West,14723
2020-10-13,265,Mountain West,3344
2020-10-13,265,North East,5403
2020-10-13,265,Other,782
2020-10-13,265,Pacific West,3173
2020-10-13,265,South,10710
2020-10-13,265,South West,3538
2020-10-14,266,Mid West,16299
2020-10-14,266,Mountain West,3754
2020-10-14,266,North East,6644
2020-10-14,266,Other,451
2020-10-14,266,Pacific West,5670
2020-10-14,266,South,12891
2020-10-14,266,South West,6741
2020-10-15,267,Mid West,22626
2020-10-15,267,Mountain West,3772
2020-10-15,267,North East,5157
2020-10-15,267,Other,1115
2020-10-15,267,Pacific West,5275
2020-10-15,267,South,14193
2020-10-15,267,South West,7398
2020-10-16,268,Mid West,22913
2020-10-16,268,Mountain West,4933
2020-10-16,268,North East,5844
2020-10-16,268,Other,693
2020-10-16,268,Pacific West,4245
2020-10-16,268,South,18416
2020-10-16,268,South West,6611
2020-10-17,269,Mid West,27300
2020-10-17,269,Mountain West,5570
2020-10-17,269,North East,7092
2020-10-17,269,Other,527
2020-10-17,269,Pacific West,4537
2020-10-17,269,South,16668
2020-10-17,269,South West,7471
2020-10-18,270,Mid West,18963
2020-10-18,270,Mountain West,5105
2020-10-18,270,North East,5992
2020-10-18,270,Other,329
2020-10-18,270,Pacific West,3824
2020-10-18,270,South,16833
2020-10-18,270,South West,6501
2020-10-19,271,Mid West,14804
2020-10-19,271,Mountain West,3954
2020-10-19,271,North East,4832
2020-10-19,271,Other,679
2020-10-19,271,Pacific West,3121
2020-10-19,271,South,14134
2020-10-19,271,South West,6699
2020-10-20,272,Mid West,25130
2020-10-20,272,Mountain West,4375
2020-10-20,272,North East,7612
2020-10-20,272,Other,900
2020-10-20,272,Pacific West,4916
2020-10-20,272,South,11258
2020-10-20,272,South West,4204
2020-10-21,273,Mid West,21673
2020-10-21,273,Mountain West,4736
2020-10-21,273,North East,6327
2020-10-21,273,Other,877
2020-10-21,273,Pacific West,5253
2020-10-21,273,South,14526
2020-10-21,273,South West,6963
2020-10-22,274,Mid West,22655
2020-10-22,274,Mountain West,5123
2020-10-22,274,North East,6694
2020-10-22,274,Other,322
2020-10-22,274,Pacific West,4525
2020-10-22,274,South,14959
2020-10-22,274,South West,8498
2020-10-23,275,Mid West,25860
2020-10-23,275,Mountain West,5854
2020-10-23,275,North East,7908
2020-10-23,275,Other,340
2020-10-23,275,Pacific West,7415
2020-10-23,275,South,20196
2020-10-23,275,South West,4128
2020-10-24,276,Mid West,27529
2020-10-24,276,Mountain West,6484
2020-10-24,276,North East,8258
2020-10-24,276,Other,2107
2020-10-24,276,Pacific West,7541
2020-10-24,276,South,22947
2020-10-24,276,South West,8881
2020-10-25,277,Mid West,30432
2020-10-25,277,Mountain West,6503
2020-10-25,277,North East,8039
2020-10-25,277,Other,393
2020-10-25,277,Pacific West,6641
2020-10-25,277,South,20165
2020-10-25,277,South West,11557
2020-10-26,278,Mid West,21012
2020-10-26,278,Mountain West,5969
2020-10-26,278,North East,6270
2020-10-26,278,Other,1284
2020-10-26,278,Pacific West,4567
2020-10-26,278,South,15847
2020-10-26,278,South West,5858
2020-10-27,279,Mid West,23595
2020-10-27,279,Mountain West,5641
2020-10-27,279,North East,10010
2020-10-27,279,Other,878
2020-10-27,279,Pacific West,5148
2020-10-27,279,South,13706
2020-10-27,279,South West,7820
2020-10-28,280,Mid West,26247
2020-10-28,280,Mountain West,5364
2020-10-28,280,North East,9328
2020-10-28,280,Other,541
2020-10-28,280,Pacific West,5794
2020-10-28,280,South,18150
2020-10-28,280,South West,8208
2020-10-29,281,Mid West,30159
2020-10-29,281,Mountain West,5443
2020-10-29,281,North East,9221
2020-10-29,281,Other,207
2020-10-29,281,Pacific West,5942
2020-10-29,281,South,18620
2020-10-29,281,South West,8766
2020-10-30,282,Mid West,33875
2020-10-30,282,Mountain West,6925
2020-10-30,282,North East,10668
2020-10-30,282,Other,1395
2020-10-30,282,Pacific West,6195
2020-10-30,282,South,20184
2020-10-30,282,South West,9279
2020-10-31,283,Mid West,42880
2020-10-31,283,Mountain West,8584
2020-10-31,283,North East,10990
2020-10-31,283,Other,1103
2020-10-31,283,Pacific West,6469
2020-10-31,283,South,20999
2020-10-31,283,South West,8296
2020-11-01,284,Mid West,38215
2020-11-01,284,Mountain West,7578
2020-11-01,284,North East,8597
2020-11-01,284,Other,521
2020-11-01,284,Pacific West,6091
2020-11-01,284,South,17828
2020-11-01,284,South West,10296
2020-11-02,285,Mid West,28680
2020-11-02,285,Mountain West,6729
2020-11-02,285,North East,7926
2020-11-02,285,Other,640
2020-11-02,285,Pacific West,5490
2020-11-02,285,South,17305
2020-11-02,285,South West,6824
2020-11-03,286,Mid West,35567
2020-11-03,286,Mountain West,6028
2020-11-03,286,North East,11818
2020-11-03,286,Other,1580
2020-11-03,286,Pacific West,6550
2020-11-03,286,South,15521
2020-11-03,286,South West,7025
2020-11-04,287,Mid West,36295
2020-11-04,287,Mountain West,7682
2020-11-04,287,North East,10583
2020-11-04,287,Other,1050
2020-11-04,287,Pacific West,6607
2020-11-04,287,South,18499
2020-11-04,287,South West,10814
2020-11-05,288,Mid West,42365
2020-11-05,288,Mountain West,8615
2020-11-05,288,North East,11589
2020-11-05,288,Other,248
2020-11-05,288,Pacific West,8144
2020-11-05,288,South,20535
2020-11-05,288,South West,11335
2020-11-06,289,Mid West,53319
2020-11-06,289,Mountain West,10086
2020-11-06,289,North East,13838
2020-11-06,289,Other,580
2020-11-06,289,Pacific West,8207
2020-11-06,289,South,23185
2020-11-06,289,South West,12673
