date,time,location,count
2020-01-22,1,CA,0
2020-01-22,1,FL,0
2020-01-22,1,MI,0
2020-01-22,1,NJ,0
2020-01-22,1,NY,0
2020-01-22,1,Other,0
2020-01-22,1,South,0
2020-01-22,1,TX,0
2020-01-23,2,CA,0
2020-01-23,2,FL,0
2020-01-23,2,MI,0
2020-01-23,2,NJ,0
2020-01-23,2,NY,0
2020-01-23,2,Other,0
2020-01-23,2,South,0
2020-01-23,2,TX,0
2020-01-24,3,CA,0
2020-01-24,3,FL,0
2020-01-24,3,MI,0
2020-01-24,3,NJ,0
2020-01-24,3,NY,0
2020-01-24,3,Other,0
2020-01-24,3,South,0
2020-01-24,3,TX,0
2020-01-25,4,CA,0
2020-01-25,4,FL,0
2020-01-25,4,MI,0
2020-01-25,4,NJ,0
2020-01-25,4,NY,0
2020-01-25,4,Other,0
2020-01-25,4,South,0
2020-01-25,4,TX,0
2020-01-26,5,CA,0
2020-01-26,5,FL,0
2020-01-26,5,MI,0
2020-01-26,5,NJ,0
2020-01-26,5,NY,0
2020-01-26,5,Other,0
2020-01-26,5,South,0
2020-01-26,5,TX,0
2020-01-27,6,CA,0
2020-01-27,6,FL,0
2020-01-27,6,MI,0
2020-01-27,6,NJ,0
2020-01-27,6,NY,0
2020-01-27,6,Other,0
2020-01-27,6,South,0
2020-01-27,6,TX,0
2020-01-28,7,CA,0
2020-01-28,7,FL,0
2020-01-28,7,MI,0
2020-01-28,7,NJ,0
2020-01-28,7,NY,0
2020-01-28,7,Other,0
2020-01-28,7,South,0
2020-01-28,7,TX,0
2020-01-29,8,CA,0
2020-01-29,8,FL,0
2020-01-29,8,MI,0
2020-01-29,8,NJ,0
2020-01-29,8,NY,0
2020-01-29,8,Other,0
2020-01-29,8,South,0
2020-01-29,8,TX,0
2020-01-30,9,CA,0
2020-01-30,9,FL,0
2020-01-30,9,MI,0
2020-01-30,9,NJ,0
2020-01-30,9,NY,0
2020-01-30,9,Other,0
2020-01-30,9,South,0
2020-01-30,9,TX,0
2020-01-31,10,CA,0
2020-01-31,10,FL,0
2020-01-31,10,MI,0
2020-01-31,10,NJ,0
2020-01-31,10,NY,0
2020-01-31,10,Other,0
2020-01-31,10,South,0
2020-01-31,10,TX,0
2020-02-01,11,CA,0
2020-02-01,11,FL,0
2020-02-01,11,MI,0
2020-02-01,11,NJ,0
2020-02-01,11,NY,0
2020-02-01,11,Other,0
2020-02-01,11,South,0
2020-02-01,11,TX,0
2020-02-02,12,CA,0
2020-02-02,12,FL,0
2020-02-02,12,MI,0
2020-02-02,12,NJ,0
2020-02-02,12,NY,0
2020-02-02,12,Other,0
2020-02-02,12,South,0
2020-02-02,12,TX,0
2020-02-03,13,CA,0
2020-02-03,13,FL,0
2020-02-03,13,MI,0
2020-02-03,13,NJ,0
2020-02-03,13,NY,0
2020-02-03,13,Other,0
2020-02-03,13,South,0
2020-02-03,13,TX,0
2020-02-04,14,CA,0
2020-02-04,14,FL,0
2020-02-04,14,MI,0
2020-02-04,14,NJ,0
2020-02-04,14,NY,0
2020-02-04,14,Other,0
2020-02-04,14,South,0
2020-02-04,14,TX,0
2020-02-05,15,CA,0
2020-02-05,15,FL,0
2020-02-05,15,MI,0
2020-02-05,15,NJ,0
2020-02-05,15,NY,0
2020-02-05,15,Other,0
2020-02-05,15,South,0
2020-02-05,15,TX,0
2020-02-06,16,CA,0
2020-02-06,16,FL,0
2020-02-06,16,MI,0
2020-02-06,16,NJ,0
2020-02-06,16,NY,0
2020-02-06,16,Other,0
2020-02-06,16,South,0
2020-02-06,16,TX,0
2020-02-07,17,CA,0
2020-02-07,17,FL,0
2020-02-07,17,MI,0
2020-02-07,17,NJ,0
2020-02-07,17,NY,0
2020-02-07,17,Other,0
2020-02-07,17,South,0
2020-02-07,17,TX,0
2020-02-08,18,CA,0
2020-02-08,18,FL,0
2020-02-08,18,MI,0
2020-02-08,18,NJ,0
2020-02-08,18,NY,0
2020-02-08,18,Other,0
2020-02-08,18,South,0
2020-02-08,18,TX,0
2020-02-09,19,CA,0
2020-02-09,19,FL,0
2020-02-09,19,MI,0
2020-02-09,19,NJ,0
2020-02-09,19,NY,0
2020-02-09,19,Other,0
2020-02-09,19,South,0
2020-02-09,19,TX,0
2020-02-10,20,CA,0
2020-02-10,20,FL,0
2020-02-10,20,MI,0
2020-02-10,20,NJ,0
2020-02-10,20,NY,0
2020-02-10,20,Other,0
2020-02-10,20,South,0
2020-02-10,20,TX,0
2020-02-11,21,CA,0
2020-02-11,21,FL,0
2020-02-11,21,MI,0
2020-02-11,21,NJ,0
2020-02-11,21,NY,0
2020-02-11,21,Other,0
2020-02-11,21,South,0
2020-02-11,21,TX,0
2020-02-12,22,CA,0
2020-02-12,22,FL,0
2020-02-12,22,MI,0
2020-02-12,22,NJ,0
2020-02-12,22,NY,0
2020-02-12,22,Other,0
2020-02-12,22,South,0
2020-02-12,22,TX,0
2020-02-13,23,CA,0
2020-02-13,23,FL,0
2020-02-13,23,MI,0
2020-02-13,23,NJ,0
2020-02-13,23,NY,0
2020-02-13,23,Other,0
2020-02-13,23,South,0
2020-02-13,23,TX,0
2020-02-14,24,CA,0
2020-02-14,24,FL,0
2020-02-14,24,MI,0
2020-02-14,24,NJ,0
2020-02-14,24,NY,0
2020-02-14,24,Other,0
2020-02-14,24,South,0
2020-02-14,24,TX,0
2020-02-15,25,CA,0
2020-02-15,25,FL,0
2020-02-15,25,MI,0
2020-02-15,25,NJ,0
2020-02-15,25,NY,0
2020-02-15,25,Other,0
2020-02-15,25,South,0
2020-02-15,25,TX,0
2020-02-16,26,CA,0
2020-02-16,26,FL,0
2020-02-16,26,MI,0
2020-02-16,26,NJ,0
2020-02-16,26,NY,0
2020-02-16,26,Other,0
2020-02-16,26,South,0
2020-02-16,26,TX,0
2020-02-17,27,CA,0
2020-02-17,27,FL,0
2020-02-17,27,MI,0
2020-02-17,27,NJ,0
2020-02-17,27,NY,0
2020-02-17,27,Other,0
2020-02-17,27,South,0
2020-02-17,27,TX,0
2020-02-18,28,CA,0
2020-02-18,28,FL,0
2020-02-18,28,MI,0
2020-02-18,28,NJ,0
2020-02-18,28,NY,0
2020-02-18,28,Other,0
2020-02-18,28,South,0
2020-02-18,28,TX,0
2020-02-19,29,CA,0
2020-02-19,29,FL,0
2020-02-19,29,MI,0
2020-02-19,29,NJ,0
2020-02-19,29,NY,0
2020-02-19,29,Other,0
2020-02-19,29,South,0
2020-02-19,29,TX,0
2020-02-20,30,CA,0
2020-02-20,30,FL,0
2020-02-20,30,MI,0
2020-02-20,30,NJ,0
2020-02-20,30,NY,0
2020-02-20,30,Other,0
2020-02-20,30,South,0
2020-02-20,30,TX,0
2020-02-21,31,CA,0
2020-02-21,31,FL,0
2020-02-21,31,MI,0
2020-02-21,31,NJ,0
2020-02-21,31,NY,0
2020-02-21,31,Other,0
2020-02-21,31,South,0
2020-02-21,31,TX,0
2020-02-22,32,CA,0
2020-02-22,32,FL,0
2020-02-22,32,MI,0
2020-02-22,32,NJ,0
2020-02-22,32,NY,0
2020-02-22,32,Other,0
2020-02-22,32,South,0
2020-02-22,32,TX,0
2020-02-23,33,CA,0
2020-02-23,33,FL,0
2020-02-23,33,MI,0
2020-02-23,33,NJ,0
2020-02-23,33,NY,0
2020-02-23,33,Other,0
2020-02-23,33,South,0
2020-02-23,33,TX,0
2020-02-24,34,CA,0
2020-02-24,34,FL,0
2020-02-24,34,MI,0
2020-02-24,34,NJ,0
2020-02-24,34,NY,0
2020-02-24,34,Other,0
2020-02-24,34,South,0
2020-02-24,34,TX,0
2020-02-25,35,CA,0
2020-02-25,35,FL,0
2020-02-25,35,MI,0
2020-02-25,35,NJ,0
2020-02-25,35,NY,0
2020-02-25,35,Other,0
2020-02-25,35,South,0
2020-02-25,35,TX,0
2020-02-26,36,CA,0
2020-02-26,36,FL,0
2020-02-26,36,MI,0
2020-02-26,36,NJ,0
2020-02-26,36,NY,0
2020-02-26,36,Other,0
2020-02-26,36,South,0
2020-02-26,36,TX,0
2020-02-27,37,CA,0
2020-02-27,37,FL,0
2020-02-27,37,MI,0
2020-02-27,37,NJ,0
2020-02-27,37,NY,0
2020-02-27,37,Other,0
2020-02-27,37,South,0
2020-02-27,37,TX,0
2020-02-28,38,CA,0
2020-02-28,38,FL,0
2020-02-28,38,MI,0
2020-02-28,38,NJ,0
2020-02-28,38,NY,0
2020-02-28,38,Other,0
2020-02-28,38,South,0
2020-02-28,38,TX,0
2020-02-29,39,CA,0
2020-02-29,39,FL,0
2020-02-29,39,MI,0
2020-02-29,39,NJ,0
2020-02-29,39,NY,0
2020-02-29,39,Other,1
2020-02-29,39,South,0
2020-02-29,39,TX,0
2020-03-01,40,CA,0
2020-03-01,40,FL,0
2020-03-01,40,MI,0
2020-03-01,40,NJ,0
2020-03-01,40,NY,0
2020-03-01,40,Other,1
2020-03-01,40,South,0
2020-03-01,40,TX,0
2020-03-02,41,CA,0
2020-03-02,41,FL,0
2020-03-02,41,MI,0
2020-03-02,41,NJ,0
2020-03-02,41,NY,0
2020-03-02,41,Other,6
2020-03-02,41,South,0
2020-03-02,41,TX,0
2020-03-03,42,CA,0
2020-03-03,42,FL,0
2020-03-03,42,MI,0
2020-03-03,42,NJ,0
2020-03-03,42,NY,0
2020-03-03,42,Other,7
2020-03-03,42,South,0
2020-03-03,42,TX,0
2020-03-04,43,CA,1
2020-03-04,43,FL,0
2020-03-04,43,MI,0
2020-03-04,43,NJ,0
2020-03-04,43,NY,0
2020-03-04,43,Other,10
2020-03-04,43,South,0
2020-03-04,43,TX,0
2020-03-05,44,CA,1
2020-03-05,44,FL,0
2020-03-05,44,MI,0
2020-03-05,44,NJ,0
2020-03-05,44,NY,0
2020-03-05,44,Other,11
2020-03-05,44,South,0
2020-03-05,44,TX,0
2020-03-06,45,CA,1
2020-03-06,45,FL,0
2020-03-06,45,MI,0
2020-03-06,45,NJ,0
2020-03-06,45,NY,0
2020-03-06,45,Other,13
2020-03-06,45,South,0
2020-03-06,45,TX,0
2020-03-07,46,CA,1
2020-03-07,46,FL,0
2020-03-07,46,MI,0
2020-03-07,46,NJ,0
2020-03-07,46,NY,0
2020-03-07,46,Other,16
2020-03-07,46,South,0
2020-03-07,46,TX,0
2020-03-08,47,CA,1
2020-03-08,47,FL,2
2020-03-08,47,MI,0
2020-03-08,47,NJ,0
2020-03-08,47,NY,0
2020-03-08,47,Other,18
2020-03-08,47,South,0
2020-03-08,47,TX,0
2020-03-09,48,CA,1
2020-03-09,48,FL,2
2020-03-09,48,MI,0
2020-03-09,48,NJ,0
2020-03-09,48,NY,0
2020-03-09,48,Other,19
2020-03-09,48,South,0
2020-03-09,48,TX,0
2020-03-10,49,CA,2
2020-03-10,49,FL,2
2020-03-10,49,MI,0
2020-03-10,49,NJ,1
2020-03-10,49,NY,0
2020-03-10,49,Other,23
2020-03-10,49,South,0
2020-03-10,49,TX,0
2020-03-11,50,CA,4
2020-03-11,50,FL,2
2020-03-11,50,MI,0
2020-03-11,50,NJ,1
2020-03-11,50,NY,1
2020-03-11,50,Other,25
2020-03-11,50,South,0
2020-03-11,50,TX,0
2020-03-12,51,CA,4
2020-03-12,51,FL,2
2020-03-12,51,MI,1
2020-03-12,51,NJ,1
2020-03-12,51,NY,1
2020-03-12,51,Other,33
2020-03-12,51,South,1
2020-03-12,51,TX,0
2020-03-13,52,CA,4
2020-03-13,52,FL,2
2020-03-13,52,MI,1
2020-03-13,52,NJ,1
2020-03-13,52,NY,1
2020-03-13,52,Other,41
2020-03-13,52,South,1
2020-03-13,52,TX,0
2020-03-14,53,CA,3
2020-03-14,53,FL,2
2020-03-14,53,MI,1
2020-03-14,53,NJ,1
2020-03-14,53,NY,5
2020-03-14,53,Other,44
2020-03-14,53,South,2
2020-03-14,53,TX,0
2020-03-15,54,CA,5
2020-03-15,54,FL,3
2020-03-15,54,MI,1
2020-03-15,54,NJ,2
2020-03-15,54,NY,10
2020-03-15,54,Other,46
2020-03-15,54,South,3
2020-03-15,54,TX,0
2020-03-16,55,CA,7
2020-03-16,55,FL,3
2020-03-16,55,MI,1
2020-03-16,55,NJ,2
2020-03-16,55,NY,21
2020-03-16,55,Other,58
2020-03-16,55,South,5
2020-03-16,55,TX,0
2020-03-17,56,CA,12
2020-03-17,56,FL,5
2020-03-17,56,MI,1
2020-03-17,56,NJ,4
2020-03-17,56,NY,35
2020-03-17,56,Other,68
2020-03-17,56,South,6
2020-03-17,56,TX,1
2020-03-18,57,CA,16
2020-03-18,57,FL,7
2020-03-18,57,MI,2
2020-03-18,57,NJ,7
2020-03-18,57,NY,60
2020-03-18,57,Other,85
2020-03-18,57,South,10
2020-03-18,57,TX,4
2020-03-19,58,CA,18
2020-03-19,58,FL,9
2020-03-19,58,MI,2
2020-03-19,58,NJ,13
2020-03-19,58,NY,88
2020-03-19,58,Other,108
2020-03-19,58,South,22
2020-03-19,58,TX,5
2020-03-20,59,CA,24
2020-03-20,59,FL,11
2020-03-20,59,MI,3
2020-03-20,59,NJ,16
2020-03-20,59,NY,143
2020-03-20,59,Other,129
2020-03-20,59,South,33
2020-03-20,59,TX,5
2020-03-21,60,CA,25
2020-03-21,60,FL,13
2020-03-21,60,MI,6
2020-03-21,60,NJ,22
2020-03-21,60,NY,195
2020-03-21,60,Other,151
2020-03-21,60,South,45
2020-03-21,60,TX,6
2020-03-22,61,CA,30
2020-03-22,61,FL,13
2020-03-22,61,MI,12
2020-03-22,61,NJ,29
2020-03-22,61,NY,249
2020-03-22,61,Other,181
2020-03-22,61,South,51
2020-03-22,61,TX,8
2020-03-23,62,CA,39
2020-03-23,62,FL,18
2020-03-23,62,MI,18
2020-03-23,62,NJ,40
2020-03-23,62,NY,351
2020-03-23,62,Other,218
2020-03-23,62,South,68
2020-03-23,62,TX,10
2020-03-24,63,CA,50
2020-03-24,63,FL,18
2020-03-24,63,MI,31
2020-03-24,63,NJ,60
2020-03-24,63,NY,475
2020-03-24,63,Other,266
2020-03-24,63,South,86
2020-03-24,63,TX,15
2020-03-25,64,CA,65
2020-03-25,64,FL,23
2020-03-25,64,MI,51
2020-03-25,64,NJ,81
2020-03-25,64,NY,632
2020-03-25,64,Other,333
2020-03-25,64,South,121
2020-03-25,64,TX,19
2020-03-26,65,CA,81
2020-03-26,65,FL,29
2020-03-26,65,MI,71
2020-03-26,65,NJ,109
2020-03-26,65,NY,867
2020-03-26,65,Other,398
2020-03-26,65,South,153
2020-03-26,65,TX,25
2020-03-27,66,CA,94
2020-03-27,66,FL,35
2020-03-27,66,MI,107
2020-03-27,66,NJ,141
2020-03-27,66,NY,1139
2020-03-27,66,Other,485
2020-03-27,66,South,218
2020-03-27,66,TX,34
2020-03-28,67,CA,110
2020-03-28,67,FL,54
2020-03-28,67,MI,130
2020-03-28,67,NJ,192
2020-03-28,67,NY,1492
2020-03-28,67,Other,619
2020-03-28,67,South,250
2020-03-28,67,TX,39
2020-03-29,68,CA,124
2020-03-29,68,FL,56
2020-03-29,68,MI,157
2020-03-29,68,NJ,219
2020-03-29,68,NY,1874
2020-03-29,68,Other,709
2020-03-29,68,South,286
2020-03-29,68,TX,47
2020-03-30,69,CA,146
2020-03-30,69,FL,63
2020-03-30,69,MI,213
2020-03-30,69,NJ,268
2020-03-30,69,NY,2286
2020-03-30,69,Other,794
2020-03-30,69,South,337
2020-03-30,69,TX,57
2020-03-31,70,CA,173
2020-03-31,70,FL,85
2020-03-31,70,MI,292
2020-03-31,70,NJ,366
2020-03-31,70,NY,2775
2020-03-31,70,Other,1040
2020-03-31,70,South,450
2020-03-31,70,TX,68
2020-04-01,71,CA,199
2020-04-01,71,FL,87
2020-04-01,71,MI,370
2020-04-01,71,NJ,476
2020-04-01,71,NY,3411
2020-04-01,71,Other,1268
2020-04-01,71,South,525
2020-04-01,71,TX,85
2020-04-02,72,CA,238
2020-04-02,72,FL,164
2020-04-02,72,MI,453
2020-04-02,72,NJ,681
2020-04-02,72,NY,4138
2020-04-02,72,Other,1531
2020-04-02,72,South,619
2020-04-02,72,TX,100
2020-04-03,73,CA,265
2020-04-03,73,FL,170
2020-04-03,73,MI,518
2020-04-03,73,NJ,817
2020-04-03,73,NY,4899
2020-04-03,73,Other,1806
2020-04-03,73,South,723
2020-04-03,73,TX,118
2020-04-04,74,CA,289
2020-04-04,74,FL,195
2020-04-04,74,MI,585
2020-04-04,74,NJ,1059
2020-04-04,74,NY,5686
2020-04-04,74,Other,2077
2020-04-04,74,South,813
2020-04-04,74,TX,135
2020-04-05,75,CA,348
2020-04-05,75,FL,221
2020-04-05,75,MI,675
2020-04-05,75,NJ,1185
2020-04-05,75,NY,6596
2020-04-05,75,Other,2330
2020-04-05,75,South,911
2020-04-05,75,TX,163
2020-04-06,76,CA,380
2020-04-06,76,FL,236
2020-04-06,76,MI,793
2020-04-06,76,NJ,1337
2020-04-06,76,NY,7657
2020-04-06,76,Other,2615
2020-04-06,76,South,999
2020-04-06,76,TX,182
2020-04-07,77,CA,432
2020-04-07,77,FL,283
2020-04-07,77,MI,917
2020-04-07,77,NJ,1633
2020-04-07,77,NY,8930
2020-04-07,77,Other,3169
2020-04-07,77,South,1211
2020-04-07,77,TX,195
2020-04-08,78,CA,495
2020-04-08,78,FL,309
2020-04-08,78,MI,1037
2020-04-08,78,NJ,1974
2020-04-08,78,NY,9879
2020-04-08,78,Other,3657
2020-04-08,78,South,1344
2020-04-08,78,TX,221
2020-04-09,79,CA,544
2020-04-09,79,FL,354
2020-04-09,79,MI,1164
2020-04-09,79,NJ,2250
2020-04-09,79,NY,10929
2020-04-09,79,Other,4192
2020-04-09,79,South,1464
2020-04-09,79,TX,247
2020-04-10,80,CA,583
2020-04-10,80,FL,390
2020-04-10,80,MI,1371
2020-04-10,80,NJ,2529
2020-04-10,80,NY,11850
2020-04-10,80,Other,4781
2020-04-10,80,South,1586
2020-04-10,80,TX,272
2020-04-11,81,CA,604
2020-04-11,81,FL,438
2020-04-11,81,MI,1487
2020-04-11,81,NJ,2854
2020-04-11,81,NY,12772
2020-04-11,81,Other,5327
2020-04-11,81,South,1695
2020-04-11,81,TX,304
2020-04-12,82,CA,640
2020-04-12,82,FL,461
2020-04-12,82,MI,1592
2020-04-12,82,NJ,3096
2020-04-12,82,NY,13710
2020-04-12,82,Other,5731
2020-04-12,82,South,1739
2020-04-12,82,TX,325
2020-04-13,83,CA,714
2020-04-13,83,FL,499
2020-04-13,83,MI,1724
2020-04-13,83,NJ,3263
2020-04-13,83,NY,14728
2020-04-13,83,Other,6130
2020-04-13,83,South,1831
2020-04-13,83,TX,351
2020-04-14,84,CA,767
2020-04-14,84,FL,571
2020-04-14,84,MI,1899
2020-04-14,84,NJ,3678
2020-04-14,84,NY,15608
2020-04-14,84,Other,6688
2020-04-14,84,South,2096
2020-04-14,84,TX,388
2020-04-15,85,CA,860
2020-04-15,85,FL,596
2020-04-15,85,MI,2056
2020-04-15,85,NJ,4088
2020-04-15,85,NY,16394
2020-04-15,85,Other,7633
2020-04-15,85,South,2255
2020-04-15,85,TX,422
2020-04-16,86,CA,956
2020-04-16,86,FL,668
2020-04-16,86,MI,2136
2020-04-16,86,NJ,4510
2020-04-16,86,NY,17137
2020-04-16,86,Other,8208
2020-04-16,86,South,2402
2020-04-16,86,TX,463
2020-04-17,87,CA,1037
2020-04-17,87,FL,725
2020-04-17,87,MI,2375
2020-04-17,87,NJ,4881
2020-04-17,87,NY,17614
2020-04-17,87,Other,8853
2020-04-17,87,South,2585
2020-04-17,87,TX,503
2020-04-18,88,CA,1140
2020-04-18,88,FL,748
2020-04-18,88,MI,2460
2020-04-18,88,NJ,5169
2020-04-18,88,NY,18175
2020-04-18,88,Other,9619
2020-04-18,88,South,2693
2020-04-18,88,TX,529
2020-04-19,89,CA,1177
2020-04-19,89,FL,774
2020-04-19,89,MI,2551
2020-04-19,89,NJ,5505
2020-04-19,89,NY,18699
2020-04-19,89,Other,10445
2020-04-19,89,South,2767
2020-04-19,89,TX,546
2020-04-20,90,CA,1225
2020-04-20,90,FL,822
2020-04-20,90,MI,2637
2020-04-20,90,NJ,5678
2020-04-20,90,NY,19670
2020-04-20,90,Other,11127
2020-04-20,90,South,2928
2020-04-20,90,TX,563
2020-04-21,91,CA,1282
2020-04-21,91,FL,867
2020-04-21,91,MI,2746
2020-04-21,91,NJ,5974
2020-04-21,91,NY,20341
2020-04-21,91,Other,12292
2020-04-21,91,South,3095
2020-04-21,91,TX,601
2020-04-22,92,CA,1421
2020-04-22,92,FL,893
2020-04-22,92,MI,2987
2020-04-22,92,NJ,6407
2020-04-22,92,NY,20859
2020-04-22,92,Other,13167
2020-04-22,92,South,3272
2020-04-22,92,TX,626
2020-04-23,93,CA,1533
2020-04-23,93,FL,987
2020-04-23,93,MI,3157
2020-04-23,93,NJ,6713
2020-04-23,93,NY,21516
2020-04-23,93,Other,14034
2020-04-23,93,South,3485
2020-04-23,93,TX,676
2020-04-24,94,CA,1621
2020-04-24,94,FL,1046
2020-04-24,94,MI,3267
2020-04-24,94,NJ,7003
2020-04-24,94,NY,22069
2020-04-24,94,Other,14953
2020-04-24,94,South,3597
2020-04-24,94,TX,699
2020-04-25,95,CA,1689
2020-04-25,95,FL,1055
2020-04-25,95,MI,3339
2020-04-25,95,NJ,7274
2020-04-25,95,NY,22505
2020-04-25,95,Other,15679
2020-04-25,95,South,3692
2020-04-25,95,TX,720
2020-04-26,96,CA,1725
2020-04-26,96,FL,1075
2020-04-26,96,MI,3505
2020-04-26,96,NJ,7330
2020-04-26,96,NY,22910
2020-04-26,96,Other,16229
2020-04-26,96,South,3770
2020-04-26,96,TX,738
2020-04-27,97,CA,1779
2020-04-27,97,FL,1088
2020-04-27,97,MI,3598
2020-04-27,97,NJ,7473
2020-04-27,97,NY,23391
2020-04-27,97,Other,16766
2020-04-27,97,South,3893
2020-04-27,97,TX,760
2020-04-28,98,CA,1864
2020-04-28,98,FL,1171
2020-04-28,98,MI,3766
2020-04-28,98,NJ,7904
2020-04-28,98,NY,23726
2020-04-28,98,Other,17697
2020-04-28,98,South,4061
2020-04-28,98,TX,800
2020-04-29,99,CA,1946
2020-04-29,99,FL,1218
2020-04-29,99,MI,3869
2020-04-29,99,NJ,8254
2020-04-29,99,NY,24172
2020-04-29,99,Other,18957
2020-04-29,99,South,4260
2020-04-29,99,TX,834
2020-04-30,100,CA,2031
2020-04-30,100,FL,1268
2020-04-30,100,MI,3991
2020-04-30,100,NJ,8737
2020-04-30,100,NY,24542
2020-04-30,100,Other,19955
2020-04-30,100,South,4419
2020-04-30,100,TX,889
2020-05-01,101,CA,2126
2020-05-01,101,FL,1314
2020-05-01,101,MI,4069
2020-05-01,101,NJ,9072
2020-05-01,101,NY,24911
2020-05-01,101,Other,20729
2020-05-01,101,South,4588
2020-05-01,101,TX,914
2020-05-02,102,CA,2180
2020-05-02,102,FL,1364
2020-05-02,102,MI,4224
2020-05-02,102,NJ,9302
2020-05-02,102,NY,25201
2020-05-02,102,Other,21555
2020-05-02,102,South,4656
2020-05-02,102,TX,933
2020-05-03,103,CA,2216
2020-05-03,103,FL,1379
2020-05-03,103,MI,4258
2020-05-03,103,NJ,9456
2020-05-03,103,NY,25484
2020-05-03,103,Other,22086
2020-05-03,103,South,4708
2020-05-03,103,TX,948
2020-05-04,104,CA,2278
2020-05-04,104,FL,1399
2020-05-04,104,MI,4345
2020-05-04,104,NJ,9519
2020-05-04,104,NY,25837
2020-05-04,104,Other,22656
2020-05-04,104,South,4862
2020-05-04,104,TX,972
2020-05-05,105,CA,2381
2020-05-05,105,FL,1471
2020-05-05,105,MI,4391
2020-05-05,105,NJ,9863
2020-05-05,105,NY,26119
2020-05-05,105,Other,23901
2020-05-05,105,South,5065
2020-05-05,105,TX,995
2020-05-06,106,CA,2464
2020-05-06,106,FL,1539
2020-05-06,106,MI,4465
2020-05-06,106,NJ,10187
2020-05-06,106,NY,26689
2020-05-06,106,Other,24934
2020-05-06,106,South,5247
2020-05-06,106,TX,1025
2020-05-07,107,CA,2535
2020-05-07,107,FL,1600
2020-05-07,107,MI,4556
2020-05-07,107,NJ,10460
2020-05-07,107,NY,26916
2020-05-07,107,Other,25964
2020-05-07,107,South,5395
2020-05-07,107,TX,1058
2020-05-08,108,CA,2613
2020-05-08,108,FL,1669
2020-05-08,108,MI,4614
2020-05-08,108,NJ,10635
2020-05-08,108,NY,27233
2020-05-08,108,Other,26860
2020-05-08,108,South,5511
2020-05-08,108,TX,1096
2020-05-09,109,CA,2687
2020-05-09,109,FL,1715
2020-05-09,109,MI,4757
2020-05-09,109,NJ,10805
2020-05-09,109,NY,27454
2020-05-09,109,Other,27565
2020-05-09,109,South,5604
2020-05-09,109,TX,1132
2020-05-10,110,CA,2716
2020-05-10,110,FL,1721
2020-05-10,110,MI,4783
2020-05-10,110,NJ,10962
2020-05-10,110,NY,27627
2020-05-10,110,Other,27992
2020-05-10,110,South,5653
2020-05-10,110,TX,1158
2020-05-11,111,CA,2779
2020-05-11,111,FL,1735
2020-05-11,111,MI,4812
2020-05-11,111,NJ,11053
2020-05-11,111,NY,27824
2020-05-11,111,Other,28485
2020-05-11,111,South,5762
2020-05-11,111,TX,1176
2020-05-12,112,CA,2879
2020-05-12,112,FL,1779
2020-05-12,112,MI,4904
2020-05-12,112,NJ,11256
2020-05-12,112,NY,28042
2020-05-12,112,Other,29228
2020-05-12,112,South,5958
2020-05-12,112,TX,1207
2020-05-13,113,CA,2957
2020-05-13,113,FL,1827
2020-05-13,113,MI,4945
2020-05-13,113,NJ,11448
2020-05-13,113,NY,28247
2020-05-13,113,Other,30287
2020-05-13,113,South,6073
2020-05-13,113,TX,1233
2020-05-14,114,CA,3052
2020-05-14,114,FL,1875
2020-05-14,114,MI,5019
2020-05-14,114,NJ,11689
2020-05-14,114,NY,28408
2020-05-14,114,Other,31247
2020-05-14,114,South,6214
2020-05-14,114,TX,1296
2020-05-15,115,CA,3136
2020-05-15,115,FL,1917
2020-05-15,115,MI,5058
2020-05-15,115,NJ,11895
2020-05-15,115,NY,28673
2020-05-15,115,Other,32104
2020-05-15,115,South,6349
2020-05-15,115,TX,1349
2020-05-16,116,CA,3208
2020-05-16,116,FL,1964
2020-05-16,116,MI,5114
2020-05-16,116,NJ,12013
2020-05-16,116,NY,28845
2020-05-16,116,Other,32747
2020-05-16,116,South,6423
2020-05-16,116,TX,1383
2020-05-17,117,CA,3240
2020-05-17,117,FL,1973
2020-05-17,117,MI,5124
2020-05-17,117,NJ,12118
2020-05-17,117,NY,28971
2020-05-17,117,Other,33139
2020-05-17,117,South,6479
2020-05-17,117,TX,1411
2020-05-18,118,CA,3279
2020-05-18,118,FL,1997
2020-05-18,118,MI,5148
2020-05-18,118,NJ,12200
2020-05-18,118,NY,29454
2020-05-18,118,Other,33518
2020-05-18,118,South,6613
2020-05-18,118,TX,1418
2020-05-19,119,CA,3403
2020-05-19,119,FL,2052
2020-05-19,119,MI,5250
2020-05-19,119,NJ,12349
2020-05-19,119,NY,29652
2020-05-19,119,Other,34303
2020-05-19,119,South,6711
2020-05-19,119,TX,1459
2020-05-20,120,CA,3497
2020-05-20,120,FL,2096
2020-05-20,120,MI,5296
2020-05-20,120,NJ,12520
2020-05-20,120,NY,29717
2020-05-20,120,Other,35240
2020-05-20,120,South,6835
2020-05-20,120,TX,1504
2020-05-21,121,CA,3583
2020-05-21,121,FL,2144
2020-05-21,121,MI,5366
2020-05-21,121,NJ,12623
2020-05-21,121,NY,29790
2020-05-21,121,Other,35908
2020-05-21,121,South,6976
2020-05-21,121,TX,1532
2020-05-22,122,CA,3665
2020-05-22,122,FL,2190
2020-05-22,122,MI,5395
2020-05-22,122,NJ,12769
2020-05-22,122,NY,29864
2020-05-22,122,Other,36617
2020-05-22,122,South,7121
2020-05-22,122,TX,1545
2020-05-23,123,CA,3737
2020-05-23,123,FL,2233
2020-05-23,123,MI,5460
2020-05-23,123,NJ,12869
2020-05-23,123,NY,30032
2020-05-23,123,Other,37204
2020-05-23,123,South,7187
2020-05-23,123,TX,1553
2020-05-24,124,CA,3753
2020-05-24,124,FL,2237
2020-05-24,124,MI,5466
2020-05-24,124,NJ,12927
2020-05-24,124,NY,30125
2020-05-24,124,Other,37527
2020-05-24,124,South,7249
2020-05-24,124,TX,1613
2020-05-25,125,CA,3768
2020-05-25,125,FL,2252
2020-05-25,125,MI,5479
2020-05-25,125,NJ,12941
2020-05-25,125,NY,30249
2020-05-25,125,Other,37825
2020-05-25,125,South,7308
2020-05-25,125,TX,1623
2020-05-26,126,CA,3818
2020-05-26,126,FL,2259
2020-05-26,126,MI,5506
2020-05-26,126,NJ,12994
2020-05-26,126,NY,30276
2020-05-26,126,Other,38194
2020-05-26,126,South,7420
2020-05-26,126,TX,1640
2020-05-27,127,CA,3894
2020-05-27,127,FL,2319
2020-05-27,127,MI,5574
2020-05-27,127,NJ,13143
2020-05-27,127,NY,30462
2020-05-27,127,Other,38981
2020-05-27,127,South,7572
2020-05-27,127,TX,1680
2020-05-28,128,CA,3993
2020-05-28,128,FL,2364
2020-05-28,128,MI,5612
2020-05-28,128,NJ,13218
2020-05-28,128,NY,30482
2020-05-28,128,Other,39719
2020-05-28,128,South,7700
2020-05-28,128,TX,1715
2020-05-29,129,CA,4077
2020-05-29,129,FL,2413
2020-05-29,129,MI,5646
2020-05-29,129,NJ,13345
2020-05-29,129,NY,30578
2020-05-29,129,Other,40344
2020-05-29,129,South,7837
2020-05-29,129,TX,1723
2020-05-30,130,CA,4144
2020-05-30,130,FL,2447
2020-05-30,130,MI,5704
2020-05-30,130,NJ,13450
2020-05-30,130,NY,30649
2020-05-30,130,Other,40852
2020-05-30,130,South,7911
2020-05-30,130,TX,1769
2020-05-31,131,CA,4172
2020-05-31,131,FL,2451
2020-05-31,131,MI,5731
2020-05-31,131,NJ,13518
2020-05-31,131,NY,30699
2020-05-31,131,Other,41145
2020-05-31,131,South,8003
2020-05-31,131,TX,1788
2020-06-01,132,CA,4217
2020-06-01,132,FL,2460
2020-06-01,132,MI,5758
2020-06-01,132,NJ,13547
2020-06-01,132,NY,30832
2020-06-01,132,Other,41580
2020-06-01,132,South,8092
2020-06-01,132,TX,1797
2020-06-02,133,CA,4305
2020-06-02,133,FL,2530
2020-06-02,133,MI,5795
2020-06-02,133,NJ,13599
2020-06-02,133,NY,30910
2020-06-02,133,Other,42176
2020-06-02,133,South,8200
2020-06-02,133,TX,1836
2020-06-03,134,CA,4374
2020-06-03,134,FL,2566
2020-06-03,134,MI,5813
2020-06-03,134,NJ,13710
2020-06-03,134,NY,30964
2020-06-03,134,Other,42732
2020-06-03,134,South,8333
2020-06-03,134,TX,1866
2020-06-04,135,CA,4444
2020-06-04,135,FL,2607
2020-06-04,135,MI,5839
2020-06-04,135,NJ,13805
2020-06-04,135,NY,31093
2020-06-04,135,Other,43282
2020-06-04,135,South,8411
2020-06-04,135,TX,1900
2020-06-05,136,CA,4529
2020-06-05,136,FL,2660
2020-06-05,136,MI,5909
2020-06-05,136,NJ,13887
2020-06-05,136,NY,31120
2020-06-05,136,Other,43727
2020-06-05,136,South,8527
2020-06-05,136,TX,1936
2020-06-06,137,CA,4607
2020-06-06,137,FL,2688
2020-06-06,137,MI,5916
2020-06-06,137,NJ,13945
2020-06-06,137,NY,31141
2020-06-06,137,Other,44107
2020-06-06,137,South,8593
2020-06-06,137,TX,1957
2020-06-07,138,CA,4632
2020-06-07,138,FL,2700
2020-06-07,138,MI,5927
2020-06-07,138,NJ,14016
2020-06-07,138,NY,31226
2020-06-07,138,Other,44304
2020-06-07,138,South,8621
2020-06-07,138,TX,1966
2020-06-08,139,CA,4657
2020-06-08,139,FL,2712
2020-06-08,139,MI,5942
2020-06-08,139,NJ,14055
2020-06-08,139,NY,31287
2020-06-08,139,Other,44552
2020-06-08,139,South,8726
2020-06-08,139,TX,1980
2020-06-09,140,CA,4745
2020-06-09,140,FL,2765
2020-06-09,140,MI,5951
2020-06-09,140,NJ,14148
2020-06-09,140,NY,31327
2020-06-09,140,Other,45036
2020-06-09,140,South,8889
2020-06-09,140,TX,2000
2020-06-10,141,CA,4854
2020-06-10,141,FL,2801
2020-06-10,141,MI,5952
2020-06-10,141,NJ,14224
2020-06-10,141,NY,31390
2020-06-10,141,Other,45493
2020-06-10,141,South,9011
2020-06-10,141,TX,2037
2020-06-11,142,CA,4934
2020-06-11,142,FL,2848
2020-06-11,142,MI,5985
2020-06-11,142,NJ,14291
2020-06-11,142,NY,31404
2020-06-11,142,Other,45983
2020-06-11,142,South,9120
2020-06-11,142,TX,2068
2020-06-12,143,CA,4978
2020-06-12,143,FL,2877
2020-06-12,143,MI,5990
2020-06-12,143,NJ,14341
2020-06-12,143,NY,31554
2020-06-12,143,Other,46377
2020-06-12,143,South,9244
2020-06-12,143,TX,2100
2020-06-13,144,CA,5076
2020-06-13,144,FL,2925
2020-06-13,144,MI,6013
2020-06-13,144,NJ,14476
2020-06-13,144,NY,31568
2020-06-13,144,Other,46726
2020-06-13,144,South,9311
2020-06-13,144,TX,2125
2020-06-14,145,CA,5099
2020-06-14,145,FL,2931
2020-06-14,145,MI,6016
2020-06-14,145,NJ,14515
2020-06-14,145,NY,31595
2020-06-14,145,Other,46890
2020-06-14,145,South,9335
2020-06-14,145,TX,2147
2020-06-15,146,CA,5114
2020-06-15,146,FL,2938
2020-06-15,146,MI,6018
2020-06-15,146,NJ,14565
2020-06-15,146,NY,31628
2020-06-15,146,Other,47091
2020-06-15,146,South,9405
2020-06-15,146,TX,2163
2020-06-16,147,CA,5200
2020-06-16,147,FL,2993
2020-06-16,147,MI,6034
2020-06-16,147,NJ,14651
2020-06-16,147,NY,31678
2020-06-16,147,Other,47451
2020-06-16,147,South,9540
2020-06-16,147,TX,2213
2020-06-17,148,CA,5271
2020-06-17,148,FL,3018
2020-06-17,148,MI,6036
2020-06-17,148,NJ,14694
2020-06-17,148,NY,31696
2020-06-17,148,Other,47874
2020-06-17,148,South,9661
2020-06-17,148,TX,2254
2020-06-18,149,CA,5355
2020-06-18,149,FL,3061
2020-06-18,149,MI,6061
2020-06-18,149,NJ,14729
2020-06-18,149,NY,31728
2020-06-18,149,Other,48257
2020-06-18,149,South,9732
2020-06-18,149,TX,2299
2020-06-19,150,CA,5426
2020-06-19,150,FL,3104
2020-06-19,150,MI,6067
2020-06-19,150,NJ,14762
2020-06-19,150,NY,31747
2020-06-19,150,Other,48622
2020-06-19,150,South,9836
2020-06-19,150,TX,2328
2020-06-20,151,CA,5494
2020-06-20,151,FL,3144
2020-06-20,151,MI,6087
2020-06-20,151,NJ,14785
2020-06-20,151,NY,31817
2020-06-20,151,Other,48909
2020-06-20,151,South,9905
2020-06-20,151,TX,2355
2020-06-21,152,CA,5515
2020-06-21,152,FL,3161
2020-06-21,152,MI,6090
2020-06-21,152,NJ,14802
2020-06-21,152,NY,31854
2020-06-21,152,Other,49042
2020-06-21,152,South,9949
2020-06-21,152,TX,2368
2020-06-22,153,CA,5566
2020-06-22,153,FL,3173
2020-06-22,153,MI,6097
2020-06-22,153,NJ,14840
2020-06-22,153,NY,31890
2020-06-22,153,Other,49168
2020-06-22,153,South,10052
2020-06-22,153,TX,2384
2020-06-23,154,CA,5626
2020-06-23,154,FL,3238
2020-06-23,154,MI,6109
2020-06-23,154,NJ,14893
2020-06-23,154,NY,31952
2020-06-23,154,Other,49585
2020-06-23,154,South,10193
2020-06-23,154,TX,2421
2020-06-24,155,CA,5725
2020-06-24,155,FL,3281
2020-06-24,155,MI,6114
2020-06-24,155,NJ,14944
2020-06-24,155,NY,31974
2020-06-24,155,Other,49960
2020-06-24,155,South,10316
2020-06-24,155,TX,2462
2020-06-25,156,CA,5806
2020-06-25,156,FL,3327
2020-06-25,156,MI,6133
2020-06-25,156,NJ,14872
2020-06-25,156,NY,32007
2020-06-25,156,Other,50251
2020-06-25,156,South,10417
2020-06-25,156,TX,2514
2020-06-26,157,CA,5868
2020-06-26,157,FL,3366
2020-06-26,157,MI,6134
2020-06-26,157,NJ,14914
2020-06-26,157,NY,32030
2020-06-26,157,Other,50566
2020-06-26,157,South,10508
2020-06-26,157,TX,2558
2020-06-27,158,CA,5899
2020-06-27,158,FL,3390
2020-06-27,158,MI,6153
2020-06-27,158,NJ,14948
2020-06-27,158,NY,32051
2020-06-27,158,Other,50836
2020-06-27,158,South,10568
2020-06-27,158,TX,2603
2020-06-28,159,CA,5932
2020-06-28,159,FL,3419
2020-06-28,159,MI,6157
2020-06-28,159,NJ,14975
2020-06-28,159,NY,32078
2020-06-28,159,Other,50945
2020-06-28,159,South,10587
2020-06-28,159,TX,2628
2020-06-29,160,CA,5983
2020-06-29,160,FL,3447
2020-06-29,160,MI,6161
2020-06-29,160,NJ,14992
2020-06-29,160,NY,32109
2020-06-29,160,Other,51111
2020-06-29,160,South,10640
2020-06-29,160,TX,2655
2020-06-30,161,CA,6082
2020-06-30,161,FL,3505
2020-06-30,161,MI,6193
2020-06-30,161,NJ,15035
2020-06-30,161,NY,32070
2020-06-30,161,Other,51358
2020-06-30,161,South,10772
2020-06-30,161,TX,2708
2020-07-01,162,CA,6169
2020-07-01,162,FL,3550
2020-07-01,162,MI,6198
2020-07-01,162,NJ,15078
2020-07-01,162,NY,32088
2020-07-01,162,Other,51672
2020-07-01,162,South,10892
2020-07-01,162,TX,2770
2020-07-02,163,CA,6265
2020-07-02,163,FL,3617
2020-07-02,163,MI,6212
2020-07-02,163,NJ,15107
2020-07-02,163,NY,32112
2020-07-02,163,Other,52002
2020-07-02,163,South,10994
2020-07-02,163,TX,2835
2020-07-03,164,CA,6315
2020-07-03,164,FL,3684
2020-07-03,164,MI,6215
2020-07-03,164,NJ,15164
2020-07-03,164,NY,32192
2020-07-03,164,Other,52238
2020-07-03,164,South,11089
2020-07-03,164,TX,2907
2020-07-04,165,CA,6334
2020-07-04,165,FL,3702
2020-07-04,165,MI,6218
2020-07-04,165,NJ,15189
2020-07-04,165,NY,32206
2020-07-04,165,Other,52348
2020-07-04,165,South,11121
2020-07-04,165,TX,2951
2020-07-05,166,CA,6373
2020-07-05,166,FL,3731
2020-07-05,166,MI,6218
2020-07-05,166,NJ,15211
2020-07-05,166,NY,32244
2020-07-05,166,Other,52426
2020-07-05,166,South,11154
2020-07-05,166,TX,3000
2020-07-06,167,CA,6441
2020-07-06,167,FL,3778
2020-07-06,167,MI,6221
2020-07-06,167,NJ,15229
2020-07-06,167,NY,32261
2020-07-06,167,Other,52514
2020-07-06,167,South,11206
2020-07-06,167,TX,3062
2020-07-07,168,CA,6573
2020-07-07,168,FL,3841
2020-07-07,168,MI,6251
2020-07-07,168,NJ,15281
2020-07-07,168,NY,32283
2020-07-07,168,Other,53147
2020-07-07,168,South,11366
2020-07-07,168,TX,3192
2020-07-08,169,CA,6718
2020-07-08,169,FL,3889
2020-07-08,169,MI,6262
2020-07-08,169,NJ,15332
2020-07-08,169,NY,32304
2020-07-08,169,Other,53435
2020-07-08,169,South,11538
2020-07-08,169,TX,3319
2020-07-09,170,CA,6859
2020-07-09,170,FL,4009
2020-07-09,170,MI,6271
2020-07-09,170,NJ,15448
2020-07-09,170,NY,32327
2020-07-09,170,Other,53765
2020-07-09,170,South,11649
2020-07-09,170,TX,3472
2020-07-10,171,CA,6955
2020-07-10,171,FL,4102
2020-07-10,171,MI,6285
2020-07-10,171,NJ,15479
2020-07-10,171,NY,32369
2020-07-10,171,Other,54065
2020-07-10,171,South,11813
2020-07-10,171,TX,3556
2020-07-11,172,CA,7027
2020-07-11,172,FL,4197
2020-07-11,172,MI,6313
2020-07-11,172,NJ,15525
2020-07-11,172,NY,32380
2020-07-11,172,Other,54289
2020-07-11,172,South,11945
2020-07-11,172,TX,3638
2020-07-12,173,CA,7051
2020-07-12,173,FL,4242
2020-07-12,173,MI,6314
2020-07-12,173,NJ,15525
2020-07-12,173,NY,32395
2020-07-12,173,Other,54494
2020-07-12,173,South,12013
2020-07-12,173,TX,3739
2020-07-13,174,CA,7089
2020-07-13,174,FL,4277
2020-07-13,174,MI,6321
2020-07-13,174,NJ,15560
2020-07-13,174,NY,32418
2020-07-13,174,Other,54575
2020-07-13,174,South,12073
2020-07-13,174,TX,3827
2020-07-14,175,CA,7250
2020-07-14,175,FL,4409
2020-07-14,175,MI,6326
2020-07-14,175,NJ,15582
2020-07-14,175,NY,32429
2020-07-14,175,Other,54863
2020-07-14,175,South,12266
2020-07-14,175,TX,3941
2020-07-15,176,CA,7375
2020-07-15,176,FL,4521
2020-07-15,176,MI,6330
2020-07-15,176,NJ,15634
2020-07-15,176,NY,32448
2020-07-15,176,Other,55199
2020-07-15,176,South,12423
2020-07-15,176,TX,4104
2020-07-16,177,CA,7489
2020-07-16,177,FL,4677
2020-07-16,177,MI,6348
2020-07-16,177,NJ,15665
2020-07-16,177,NY,32457
2020-07-16,177,Other,55475
2020-07-16,177,South,12601
2020-07-16,177,TX,4265
2020-07-17,178,CA,7603
2020-07-17,178,FL,4805
2020-07-17,178,MI,6355
2020-07-17,178,NJ,15684
2020-07-17,178,NY,32484
2020-07-17,178,Other,55764
2020-07-17,178,South,12772
2020-07-17,178,TX,4440
2020-07-18,179,CA,7702
2020-07-18,179,FL,4895
2020-07-18,179,MI,6364
2020-07-18,179,NJ,15699
2020-07-18,179,NY,32497
2020-07-18,179,Other,56111
2020-07-18,179,South,12931
2020-07-18,179,TX,4576
2020-07-19,180,CA,7715
2020-07-19,180,FL,4982
2020-07-19,180,MI,6366
2020-07-19,180,NJ,15706
2020-07-19,180,NY,32516
2020-07-19,180,Other,56249
2020-07-19,180,South,13009
2020-07-19,180,TX,4679
2020-07-20,181,CA,7770
2020-07-20,181,FL,5072
2020-07-20,181,MI,6373
2020-07-20,181,NJ,15715
2020-07-20,181,NY,32527
2020-07-20,181,Other,56395
2020-07-20,181,South,13088
2020-07-20,181,TX,4796
2020-07-21,182,CA,7888
2020-07-21,182,FL,5206
2020-07-21,182,MI,6382
2020-07-21,182,NJ,15737
2020-07-21,182,NY,32539
2020-07-21,182,Other,56822
2020-07-21,182,South,13353
2020-07-21,182,TX,4916
2020-07-22,183,CA,8047
2020-07-22,183,FL,5345
2020-07-22,183,MI,6388
2020-07-22,183,NJ,15707
2020-07-22,183,NY,32582
2020-07-22,183,Other,57121
2020-07-22,183,South,13697
2020-07-22,183,TX,5172
2020-07-23,184,CA,8201
2020-07-23,184,FL,5518
2020-07-23,184,MI,6395
2020-07-23,184,NJ,15730
2020-07-23,184,NY,32591
2020-07-23,184,Other,57461
2020-07-23,184,South,13895
2020-07-23,184,TX,5362
2020-07-24,185,CA,8337
2020-07-24,185,FL,5653
2020-07-24,185,MI,6400
2020-07-24,185,NJ,15765
2020-07-24,185,NY,32602
2020-07-24,185,Other,57834
2020-07-24,185,South,14171
2020-07-24,185,TX,5523
2020-07-25,186,CA,8408
2020-07-25,186,FL,5777
2020-07-25,186,MI,6400
2020-07-25,186,NJ,15776
2020-07-25,186,NY,32612
2020-07-25,186,Other,58123
2020-07-25,186,South,14383
2020-07-25,186,TX,5705
2020-07-26,187,CA,8448
2020-07-26,187,FL,5854
2020-07-26,187,MI,6400
2020-07-26,187,NJ,15787
2020-07-26,187,NY,32629
2020-07-26,187,Other,58238
2020-07-26,187,South,14502
2020-07-26,187,TX,5798
2020-07-27,188,CA,8494
2020-07-27,188,FL,5931
2020-07-27,188,MI,6405
2020-07-27,188,NJ,15804
2020-07-27,188,NY,32639
2020-07-27,188,Other,58414
2020-07-27,188,South,14606
2020-07-27,188,TX,6483
2020-07-28,189,CA,8679
2020-07-28,189,FL,6117
2020-07-28,189,MI,6421
2020-07-28,189,NJ,15825
2020-07-28,189,NY,32653
2020-07-28,189,Other,58872
2020-07-28,189,South,14830
2020-07-28,189,TX,6753
2020-07-29,190,CA,8908
2020-07-29,190,FL,6333
2020-07-29,190,MI,6422
2020-07-29,190,NJ,15798
2020-07-29,190,NY,32654
2020-07-29,190,Other,59252
2020-07-29,190,South,15149
2020-07-29,190,TX,7066
2020-07-30,191,CA,9026
2020-07-30,191,FL,6586
2020-07-30,191,MI,6443
2020-07-30,191,NJ,15809
2020-07-30,191,NY,32672
2020-07-30,191,Other,59672
2020-07-30,191,South,15394
2020-07-30,191,TX,7189
2020-07-31,192,CA,9214
2020-07-31,192,FL,6843
2020-07-31,192,MI,6450
2020-07-31,192,NJ,15819
2020-07-31,192,NY,32675
2020-07-31,192,Other,60066
2020-07-31,192,South,15658
2020-07-31,192,TX,7309
2020-08-01,193,CA,9345
2020-08-01,193,FL,7022
2020-08-01,193,MI,6457
2020-08-01,193,NJ,15830
2020-08-01,193,NY,32684
2020-08-01,193,Other,60368
2020-08-01,193,South,15867
2020-08-01,193,TX,7576
2020-08-02,194,CA,9396
2020-08-02,194,FL,7084
2020-08-02,194,MI,6457
2020-08-02,194,NJ,15836
2020-08-02,194,NY,32697
2020-08-02,194,Other,60491
2020-08-02,194,South,16010
2020-08-02,194,TX,7581
2020-08-03,195,CA,9441
2020-08-03,195,FL,7157
2020-08-03,195,MI,6467
2020-08-03,195,NJ,15846
2020-08-03,195,NY,32697
2020-08-03,195,Other,60618
2020-08-03,195,South,16138
2020-08-03,195,TX,7718
2020-08-04,196,CA,9684
2020-08-04,196,FL,7402
2020-08-04,196,MI,6471
2020-08-04,196,NJ,15857
2020-08-04,196,NY,32703
2020-08-04,196,Other,60975
2020-08-04,196,South,16416
2020-08-04,196,TX,7952
2020-08-05,197,CA,9808
2020-08-05,197,FL,7627
2020-08-05,197,MI,6478
2020-08-05,197,NJ,15842
2020-08-05,197,NY,32736
2020-08-05,197,Other,61333
2020-08-05,197,South,16702
2020-08-05,197,TX,8310
2020-08-06,198,CA,10021
2020-08-06,198,FL,7747
2020-08-06,198,MI,6506
2020-08-06,198,NJ,15849
2020-08-06,198,NY,32741
2020-08-06,198,Other,61691
2020-08-06,198,South,16965
2020-08-06,198,TX,8569
2020-08-07,199,CA,10133
2020-08-07,199,FL,7927
2020-08-07,199,MI,6524
2020-08-07,199,NJ,15849
2020-08-07,199,NY,32744
2020-08-07,199,Other,62072
2020-08-07,199,South,17235
2020-08-07,199,TX,8847
2020-08-08,200,CA,10307
2020-08-08,200,FL,8109
2020-08-08,200,MI,6520
2020-08-08,200,NJ,15869
2020-08-08,200,NY,32753
2020-08-08,200,Other,62364
2020-08-08,200,South,17428
2020-08-08,200,TX,9058
2020-08-09,201,CA,10377
2020-08-09,201,FL,8186
2020-08-09,201,MI,6519
2020-08-09,201,NJ,15874
2020-08-09,201,NY,32755
2020-08-09,201,Other,62479
2020-08-09,201,South,17572
2020-08-09,201,TX,9157
2020-08-10,202,CA,10476
2020-08-10,202,FL,8277
2020-08-10,202,MI,6526
2020-08-10,202,NJ,15878
2020-08-10,202,NY,32764
2020-08-10,202,Other,62590
2020-08-10,202,South,17705
2020-08-10,202,TX,9230
2020-08-11,203,CA,10523
2020-08-11,203,FL,8553
2020-08-11,203,MI,6533
2020-08-11,203,NJ,15890
2020-08-11,203,NY,32770
2020-08-11,203,Other,62957
2020-08-11,203,South,18062
2020-08-11,203,TX,9222
2020-08-12,204,CA,10753
2020-08-12,204,FL,8765
2020-08-12,204,MI,6539
2020-08-12,204,NJ,15885
2020-08-12,204,NY,32778
2020-08-12,204,Other,63372
2020-08-12,204,South,18396
2020-08-12,204,TX,9527
2020-08-13,205,CA,10870
2020-08-13,205,FL,8913
2020-08-13,205,MI,6555
2020-08-13,205,NJ,15893
2020-08-13,205,NY,32780
2020-08-13,205,Other,63678
2020-08-13,205,South,18625
2020-08-13,205,TX,9771
2020-08-14,206,CA,11148
2020-08-14,206,FL,9141
2020-08-14,206,MI,6566
2020-08-14,206,NJ,15903
2020-08-14,206,NY,32798
2020-08-14,206,Other,64007
2020-08-14,206,South,18782
2020-08-14,206,TX,10078
2020-08-15,207,CA,11218
2020-08-15,207,FL,9345
2020-08-15,207,MI,6586
2020-08-15,207,NJ,15910
2020-08-15,207,NY,32809
2020-08-15,207,Other,64298
2020-08-15,207,South,19023
2020-08-15,207,TX,10268
2020-08-16,208,CA,11243
2020-08-16,208,FL,9452
2020-08-16,208,MI,6592
2020-08-16,208,NJ,15912
2020-08-16,208,NY,32816
2020-08-16,208,Other,64444
2020-08-16,208,South,19173
2020-08-16,208,TX,10396
2020-08-17,209,CA,11296
2020-08-17,209,FL,9539
2020-08-17,209,MI,6592
2020-08-17,209,NJ,15916
2020-08-17,209,NY,32823
2020-08-17,209,Other,64565
2020-08-17,209,South,19296
2020-08-17,209,TX,10447
2020-08-18,210,CA,11504
2020-08-18,210,FL,9758
2020-08-18,210,MI,6608
2020-08-18,210,NJ,15925
2020-08-18,210,NY,32835
2020-08-18,210,Other,64917
2020-08-18,210,South,19574
2020-08-18,210,TX,10678
2020-08-19,211,CA,11690
2020-08-19,211,FL,9932
2020-08-19,211,MI,6618
2020-08-19,211,NJ,15926
2020-08-19,211,NY,32840
2020-08-19,211,Other,65404
2020-08-19,211,South,19808
2020-08-19,211,TX,10934
2020-08-20,212,CA,11810
2020-08-20,212,FL,10049
2020-08-20,212,MI,6634
2020-08-20,212,NJ,15932
2020-08-20,212,NY,32837
2020-08-20,212,Other,65736
2020-08-20,212,South,20059
2020-08-20,212,TX,11174
2020-08-21,213,CA,11946
2020-08-21,213,FL,10168
2020-08-21,213,MI,6634
2020-08-21,213,NJ,15941
2020-08-21,213,NY,32833
2020-08-21,213,Other,66002
2020-08-21,213,South,20397
2020-08-21,213,TX,11415
2020-08-22,214,CA,12131
2020-08-22,214,FL,10274
2020-08-22,214,MI,6655
2020-08-22,214,NJ,15943
2020-08-22,214,NY,32839
2020-08-22,214,Other,66294
2020-08-22,214,South,20604
2020-08-22,214,TX,11578
2020-08-23,215,CA,12153
2020-08-23,215,FL,10325
2020-08-23,215,MI,6659
2020-08-23,215,NJ,15946
2020-08-23,215,NY,32851
2020-08-23,215,Other,66405
2020-08-23,215,South,20733
2020-08-23,215,TX,11696
2020-08-24,216,CA,12235
2020-08-24,216,FL,10397
2020-08-24,216,MI,6663
2020-08-24,216,NJ,15946
2020-08-24,216,NY,32852
2020-08-24,216,Other,66549
2020-08-24,216,South,20826
2020-08-24,216,TX,11742
2020-08-25,217,CA,12382
2020-08-25,217,FL,10580
2020-08-25,217,MI,6684
2020-08-25,217,NJ,15953
2020-08-25,217,NY,32881
2020-08-25,217,Other,66896
2020-08-25,217,South,21138
2020-08-25,217,TX,11935
2020-08-26,218,CA,12532
2020-08-26,218,FL,10733
2020-08-26,218,MI,6690
2020-08-26,218,NJ,15914
2020-08-26,218,NY,32887
2020-08-26,218,Other,67371
2020-08-26,218,South,21407
2020-08-26,218,TX,12140
2020-08-27,219,CA,12677
2020-08-27,219,FL,10868
2020-08-27,219,MI,6706
2020-08-27,219,NJ,15921
2020-08-27,219,NY,32887
2020-08-27,219,Other,67688
2020-08-27,219,South,21673
2020-08-27,219,TX,12365
2020-08-28,220,CA,12805
2020-08-28,220,FL,10957
2020-08-28,220,MI,6712
2020-08-28,220,NJ,15930
2020-08-28,220,NY,32890
2020-08-28,220,Other,68022
2020-08-28,220,South,21903
2020-08-28,220,TX,12537
2020-08-29,221,CA,12894
2020-08-29,221,FL,11105
2020-08-29,221,MI,6712
2020-08-29,221,NJ,15933
2020-08-29,221,NY,32891
2020-08-29,221,Other,68407
2020-08-29,221,South,22165
2020-08-29,221,TX,12607
2020-08-30,222,CA,12937
2020-08-30,222,FL,11119
2020-08-30,222,MI,6748
2020-08-30,222,NJ,15937
2020-08-30,222,NY,32909
2020-08-30,222,Other,68405
2020-08-30,222,South,22286
2020-08-30,222,TX,12683
2020-08-31,223,CA,13022
2020-08-31,223,FL,11187
2020-08-31,223,MI,6753
2020-08-31,223,NJ,15945
2020-08-31,223,NY,32957
2020-08-31,223,Other,68540
2020-08-31,223,South,22414
2020-08-31,223,TX,12779
2020-09-01,224,CA,13150
2020-09-01,224,FL,11374
2020-09-01,224,MI,6767
2020-09-01,224,NJ,15950
2020-09-01,224,NY,32966
2020-09-01,224,Other,68849
2020-09-01,224,South,22689
2020-09-01,224,TX,12919
2020-09-02,225,CA,13317
2020-09-02,225,FL,11501
2020-09-02,225,MI,6781
2020-09-02,225,NJ,15964
2020-09-02,225,NY,32972
2020-09-02,225,Other,69169
2020-09-02,225,South,22912
2020-09-02,225,TX,13104
2020-09-03,226,CA,13493
2020-09-03,226,FL,11650
2020-09-03,226,MI,6791
2020-09-03,226,NJ,15971
2020-09-03,226,NY,32976
2020-09-03,226,Other,69530
2020-09-03,226,South,23083
2020-09-03,226,TX,13296
2020-09-04,227,CA,13638
2020-09-04,227,FL,11750
2020-09-04,227,MI,6798
2020-09-04,227,NJ,15978
2020-09-04,227,NY,32982
2020-09-04,227,Other,69871
2020-09-04,227,South,23312
2020-09-04,227,TX,13426
2020-09-05,228,CA,13709
2020-09-05,228,FL,11811
2020-09-05,228,MI,6806
2020-09-05,228,NJ,15985
2020-09-05,228,NY,32987
2020-09-05,228,Other,70180
2020-09-05,228,South,23484
2020-09-05,228,TX,13576
2020-09-06,229,CA,13731
2020-09-06,229,FL,11849
2020-09-06,229,MI,6806
2020-09-06,229,NJ,15989
2020-09-06,229,NY,32987
2020-09-06,229,Other,70293
2020-09-06,229,South,23632
2020-09-06,229,TX,13654
2020-09-07,230,CA,13758
2020-09-07,230,FL,11871
2020-09-07,230,MI,6810
2020-09-07,230,NJ,15991
2020-09-07,230,NY,33002
2020-09-07,230,Other,70396
2020-09-07,230,South,23683
2020-09-07,230,TX,13697
2020-09-08,231,CA,13823
2020-09-08,231,FL,11915
2020-09-08,231,MI,6811
2020-09-08,231,NJ,15996
2020-09-08,231,NY,33016
2020-09-08,231,Other,70533
2020-09-08,231,South,23767
2020-09-08,231,TX,13792
2020-09-09,232,CA,13983
2020-09-09,232,FL,12110
2020-09-09,232,MI,6886
2020-09-09,232,NJ,16008
2020-09-09,232,NY,33019
2020-09-09,232,Other,70910
2020-09-09,232,South,24007
2020-09-09,232,TX,13923
2020-09-10,233,CA,14077
2020-09-10,233,FL,12326
2020-09-10,233,MI,6894
2020-09-10,233,NJ,16014
2020-09-10,233,NY,33019
2020-09-10,233,Other,71231
2020-09-10,233,South,24275
2020-09-10,233,TX,13930
2020-09-11,234,CA,14230
2020-09-11,234,FL,12502
2020-09-11,234,MI,6900
2020-09-11,234,NJ,16023
2020-09-11,234,NY,33019
2020-09-11,234,Other,71551
2020-09-11,234,South,24527
2020-09-11,234,TX,14227
2020-09-12,235,CA,14327
2020-09-12,235,FL,12600
2020-09-12,235,MI,6911
2020-09-12,235,NJ,16027
2020-09-12,235,NY,33023
2020-09-12,235,Other,71798
2020-09-12,235,South,24675
2020-09-12,235,TX,14332
2020-09-13,236,CA,14378
2020-09-13,236,FL,12608
2020-09-13,236,MI,6911
2020-09-13,236,NJ,16031
2020-09-13,236,NY,33023
2020-09-13,236,Other,71905
2020-09-13,236,South,24810
2020-09-13,236,TX,14405
2020-09-14,237,CA,14439
2020-09-14,237,FL,12642
2020-09-14,237,MI,6921
2020-09-14,237,NJ,16034
2020-09-14,237,NY,33030
2020-09-14,237,Other,72076
2020-09-14,237,South,24900
2020-09-14,237,TX,14451
2020-09-15,238,CA,14594
2020-09-15,238,FL,12787
2020-09-15,238,MI,6932
2020-09-15,238,NJ,16043
2020-09-15,238,NY,33038
2020-09-15,238,Other,72662
2020-09-15,238,South,25132
2020-09-15,238,TX,14593
2020-09-16,239,CA,14691
2020-09-16,239,FL,12939
2020-09-16,239,MI,6943
2020-09-16,239,NJ,16054
2020-09-16,239,NY,33042
2020-09-16,239,Other,73062
2020-09-16,239,South,25295
2020-09-16,239,TX,14738
2020-09-17,240,CA,14804
2020-09-17,240,FL,13086
2020-09-17,240,MI,6955
2020-09-17,240,NJ,16057
2020-09-17,240,NY,33070
2020-09-17,240,Other,73366
2020-09-17,240,South,25470
2020-09-17,240,TX,14826
2020-09-18,241,CA,14893
2020-09-18,241,FL,13225
2020-09-18,241,MI,6954
2020-09-18,241,NJ,16061
2020-09-18,241,NY,33085
2020-09-18,241,Other,73723
2020-09-18,241,South,25678
2020-09-18,241,TX,14951
2020-09-19,242,CA,15018
2020-09-19,242,FL,13287
2020-09-19,242,MI,6969
2020-09-19,242,NJ,16064
2020-09-19,242,NY,33081
2020-09-19,242,Other,73986
2020-09-19,242,South,25826
2020-09-19,242,TX,15051
2020-09-20,243,CA,15016
2020-09-20,243,FL,13296
2020-09-20,243,MI,6969
2020-09-20,243,NJ,16067
2020-09-20,243,NY,33087
2020-09-20,243,Other,74109
2020-09-20,243,South,25877
2020-09-20,243,TX,15088
2020-09-21,244,CA,15056
2020-09-21,244,FL,13317
2020-09-21,244,MI,6981
2020-09-21,244,NJ,16069
2020-09-21,244,NY,33092
2020-09-21,244,Other,74301
2020-09-21,244,South,25922
2020-09-21,244,TX,15127
2020-09-22,245,CA,15189
2020-09-22,245,FL,13416
2020-09-22,245,MI,6997
2020-09-22,245,NJ,16076
2020-09-22,245,NY,33090
2020-09-22,245,Other,74635
2020-09-22,245,South,26154
2020-09-22,245,TX,15229
2020-09-23,246,CA,15291
2020-09-23,246,FL,13618
2020-09-23,246,MI,7013
2020-09-23,246,NJ,16082
2020-09-23,246,NY,33090
2020-09-23,246,Other,75029
2020-09-23,246,South,26389
2020-09-23,246,TX,15372
2020-09-24,247,CA,15393
2020-09-24,247,FL,13795
2020-09-24,247,MI,7019
2020-09-24,247,NJ,16091
2020-09-24,247,NY,33095
2020-09-24,247,Other,75329
2020-09-24,247,South,26566
2020-09-24,247,TX,15510
2020-09-25,248,CA,15516
2020-09-25,248,FL,13915
2020-09-25,248,MI,7027
2020-09-25,248,NJ,16097
2020-09-25,248,NY,33122
2020-09-25,248,Other,75702
2020-09-25,248,South,26761
2020-09-25,248,TX,15610
2020-09-26,249,CA,15583
2020-09-26,249,FL,14022
2020-09-26,249,MI,7044
2020-09-26,249,NJ,16103
2020-09-26,249,NY,33125
2020-09-26,249,Other,75999
2020-09-26,249,South,26907
2020-09-26,249,TX,15707
2020-09-27,250,CA,15606
2020-09-27,250,FL,14032
2020-09-27,250,MI,7044
2020-09-27,250,NJ,16106
2020-09-27,250,NY,33131
2020-09-27,250,Other,76117
2020-09-27,250,South,26975
2020-09-27,250,TX,15745
2020-09-28,251,CA,15633
2020-09-28,251,FL,14037
2020-09-28,251,MI,7051
2020-09-28,251,NJ,16107
2020-09-28,251,NY,33140
2020-09-28,251,Other,76263
2020-09-28,251,South,27034
2020-09-28,251,TX,15807
2020-09-29,252,CA,15782
2020-09-29,252,FL,14143
2020-09-29,252,MI,7072
2020-09-29,252,NJ,16117
2020-09-29,252,NY,33144
2020-09-29,252,Other,76595
2020-09-29,252,South,27231
2020-09-29,252,TX,15902
2020-09-30,253,CA,15885
2020-09-30,253,FL,14317
2020-09-30,253,MI,7083
2020-09-30,253,NJ,16122
2020-09-30,253,NY,33153
2020-09-30,253,Other,76951
2020-09-30,253,South,27405
2020-09-30,253,TX,16016
2020-10-01,254,CA,15973
2020-10-01,254,FL,14444
2020-10-01,254,MI,7102
2020-10-01,254,NJ,16140
2020-10-01,254,NY,33159
2020-10-01,254,Other,77253
2020-10-01,254,South,27589
2020-10-01,254,TX,16130
2020-10-02,255,CA,16054
2020-10-02,255,FL,14554
2020-10-02,255,MI,7110
2020-10-02,255,NJ,16131
2020-10-02,255,NY,33199
2020-10-02,255,Other,77693
2020-10-02,255,South,27732
2020-10-02,255,TX,16224
2020-10-03,256,CA,16115
2020-10-03,256,FL,14628
2020-10-03,256,MI,7124
2020-10-03,256,NJ,16135
2020-10-03,256,NY,33197
2020-10-03,256,Other,78012
2020-10-03,256,South,27878
2020-10-03,256,TX,16295
2020-10-04,257,CA,16147
2020-10-04,257,FL,14671
2020-10-04,257,MI,7124
2020-10-04,257,NJ,16136
2020-10-04,257,NY,33205
2020-10-04,257,Other,78144
2020-10-04,257,South,27974
2020-10-04,257,TX,16320
2020-10-05,258,CA,16171
2020-10-05,258,FL,14712
2020-10-05,258,MI,7139
2020-10-05,258,NJ,16138
2020-10-05,258,NY,33214
2020-10-05,258,Other,78330
2020-10-05,258,South,28040
2020-10-05,258,TX,16437
2020-10-06,259,CA,16244
2020-10-06,259,FL,14767
2020-10-06,259,MI,7161
2020-10-06,259,NJ,16147
2020-10-06,259,NY,33219
2020-10-06,259,Other,78630
2020-10-06,259,South,28190
2020-10-06,259,TX,16528
